"GDP per capita, current prices (U.S. dollars per capita)",1980,1981,1982,1983,1984,1985,1986,1987,1988,1989,1990,1991,1992,1993,1994,1995,1996,1997,1998,1999,2000,2001,2002,2003,2004,2005,2006,2007,2008,2009,2010,2011,2012,2013,2014,2015,2016,2017,2018,2019,2020,2021,2022
Afghanistan,no data,no data,no data,no data,no data,no data,no data,no data,no data,no data,no data,no data,no data,no data,no data,no data,no data,no data,no data,no data,no data,no data,196.683,196.954,214.23,248.049,270.189,324.705,380.91,435.472,539.667,614.661,680.426,660.221,659.1,627.344,582.461,572.163,610.235,647.278,690.375,730.707,778.693
Albania,704.588,791.287,798.011,790.099,764.21,764.529,829.098,806.596,779.387,839.702,671.661,410.32,262.17,456.289,752.493,917.36,1009.967,717.381,818.32,1032.264,1127.64,1283.573,1425.125,1846.119,2373.58,2673.729,2975.623,3594.101,4377.04,4130.929,4098.125,4438.925,4248.814,4415.662,4584.914,3935.672,4125.704,4520.268,4912.45,5184.175,5518.141,5852.765,6206.255
Algeria,2268.607,2305.505,2254.328,2316.679,2432.717,2753.697,2698.915,2705.111,2143.742,2127.866,2473.512,1819.984,1873.422,1894.946,1542.974,1499.143,1643.265,1658.732,1633.09,1630.071,1794.695,1768.577,1806.86,2128.385,2636.309,3141.027,3508.959,3986.564,4943.502,3886.059,4480.719,5453.894,5574.507,5477.055,5466.329,4150.689,3901.807,4225.004,4249.684,4302.753,4371.437,4475.36,4573.622
Angola,668.88,609.544,593.834,603.066,622.792,680.914,619.801,690.823,729.631,826.108,885.688,833.503,623.942,439.645,310.813,376.603,431.429,491.926,404.856,371.711,535.473,508.857,690.923,761.596,1023.524,1428.459,2052.721,2882.797,3897.512,3393.552,3599.272,4411.575,4744.884,4988.923,4915.923,3876.197,3484.525,4401.432,4762.595,4692.208,4714.032,4741.237,4728.133
Antigua and Barbuda,1920.27,2177.102,2448.568,2752.963,3200.967,3764.001,4617.601,5455.277,6547.27,7273.222,7623.412,7927.571,8084.421,8474.018,9097.242,8675.225,9266.488,9678.3,10074.768,10349.505,10981.376,10414.643,10482.368,10893.152,11582.523,12738.001,14264.568,15996.056,16514.078,14616.947,13613.471,13346.768,14006.82,13646.308,14488.092,15282.667,16175.594,16826.192,17354.939,17951.838,18478.913,19021.464,19579.944
Argentina,8106.24,6467.987,3158.507,3841.894,4241.377,3149.677,3739.41,3790.752,4386.526,2779.87,4709.66,6233.392,7420.317,7558.499,8125.907,8053.119,8385.152,8918.826,9005.377,8452.875,8386.586,7851.657,2898.289,3648.061,4314.396,5163.55,5976.082,7315.726,9146.79,8337.811,10412.945,12787.806,13889.792,14488.829,13208.832,14643.922,12493.909,14061.75,14342.145,15801.162,16792.874,17718.139,18678.401
Armenia,no data,no data,no data,no data,no data,no data,no data,no data,no data,no data,no data,no data,31.321,247.884,196.98,399.576,503.774,521.869,608.415,597.241,620.638,692.287,779.122,923.387,1180.399,1628.063,2128.151,3079.031,3913.436,2911.763,3121.778,3417.172,3575.529,3732.035,3889.004,3529.026,3532.633,3690.298,3852.852,4045.926,4248.594,4479.297,4759.551
Australia,11017.731,12540.057,12246.144,11602.76,12586.764,10977.768,11255.654,13010.733,16263.663,18201.618,18866.267,18677.4,18120.19,17474.921,19740.351,20959.677,23218.03,23050.337,20373.793,21767.417,20859.661,19442.851,21653.286,27256.621,32796.123,36178.737,37907.924,45162.748,49223.865,45603.957,56360.354,66773.109,68048.291,64733.892,61231.972,51220.037,51737.228,56135.416,58940.716,61250.695,62903.403,64862.105,66783.061
Austria,10707.968,9259.984,9246.949,9396.186,8862.776,9070.476,12857.293,16057.045,17593.403,17508.59,21778.653,22571.318,25012.367,24098.675,25668.057,30289.196,29756.001,26682.845,27328.536,27152.287,24589.189,24510.765,26444.124,32176.936,36754.571,38319.386,40469.858,46652.912,51629.646,47785.563,46757.13,51192.565,48381.444,50533.288,51390.001,43705.46,44232.94,46435.925,49795.892,51375.454,52904.225,54219.363,55500.824
Azerbaijan,no data,no data,no data,no data,no data,no data,no data,no data,no data,no data,no data,no data,159.971,174.875,297.162,312.842,409.191,505.567,540.852,571.507,647.837,665.014,748.31,863.808,1019.236,1541.17,2414.909,3759.279,5212.825,4933.359,5847.26,7106.04,7471.77,7936.51,8048.78,5396.409,3956.411,4097.581,4438.976,4752.24,5082.663,5437.733,5843.248
"Bahamas, The",9657.726,9818.388,10803.097,11755.457,12280.705,13200.753,14028.148,15187.69,15468.637,17143.077,16075.836,15487.125,15212.525,14869.207,15403.454,15881.622,16432.613,17198.224,18255.138,20197.853,20894.312,21200.7,22310.507,21970.8,22124.055,23714.438,24215.2,24987.835,24481.886,22952.495,22957.794,22647.324,23842.937,23924.831,23926.418,24309.568,23670.793,24510.649,25268.573,26040.051,26668.878,27262.852,27778.212
Bahrain,10189.612,11061.394,11221.699,11117.659,11163.436,10182.368,7695.805,8049.364,9602.789,9668.043,10179.73,10252.464,10536.924,11290.35,11777.097,12143.07,12298.652,12422.094,11565.951,12210.2,14214.556,13894.32,13501.529,14486.037,15963.951,17966.194,19267.54,20908.338,23236.055,19465.292,20827.719,24080.43,25226.697,26171.881,26327.582,24062.736,24146.155,25169.551,25764.423,26166.903,26620.921,27096.49,27564.969
Bangladesh,274.333,260.211,231.987,236.75,262.124,262.553,267.979,287.84,302.588,324.93,329.494,331.729,324.429,332.768,353.908,383.095,393.525,402.894,407.35,415.371,412.334,406.41,419.69,454.097,485.663,495.486,523.025,584.5,655.954,728.387,807.531,857.496,916.025,1030.028,1162.742,1293.001,1414.052,1532.132,1659.522,1794.531,1939.203,2094.715,2262.683
Barbados,4071.933,4481.597,4682.547,4971.029,5418.577,5670.823,6226.14,6856.284,7292.537,8070.922,8094.688,8128.647,7828.673,8299.702,8185.546,8603.545,9166.566,9634.212,10834.534,11327.748,11600.222,11547.36,11704.626,12057.646,12887.315,14255.55,15705.385,16549.383,16691.844,16676.979,16079.887,15725.976,15593.34,15698.42,15596.606,15814.704,16236.954,17158.813,18205.01,18769.111,19442.222,20232.751,21065.899
Belarus,no data,no data,no data,no data,no data,no data,no data,no data,no data,no data,no data,no data,1210.104,1076.142,1481.461,1000.204,1375.754,1341.854,1452.41,1165.601,1277.052,1247.469,1480.153,1811.855,2370.274,3115.513,3838.293,4726.479,6366.189,5170.431,6023.149,6472.739,6938.067,7977.147,8316.012,5941.24,4989.275,5585.236,5745.154,6020.732,6329.085,6669.497,6986.242
Belgium,12596.236,10423.715,9179.728,8673.126,8290.873,8617.626,11948.561,14821.93,16096.833,16187.829,20229.119,20680.426,22952.545,21844.003,23754.04,28616.775,27749.862,25089.833,25604.763,25509.243,23303.039,23193.64,25197.244,30863.123,35722.619,37146.708,39021.76,44638.33,48850.72,45176.012,44691.258,47950.947,44900.088,46613.195,47634.682,40509.755,41247.858,43243.304,46315.662,47811.553,49222.114,50512.682,51804.811
Belize,1148.111,1193.646,1170.803,1200.667,1304.267,1258.664,1332.602,1518.633,1759.218,1976.865,2179.95,2291.929,2603.278,2729.91,2751.794,2863.58,2888.603,2845.15,2888.405,3013.08,3330.955,3388.367,3516.41,3618.466,3743.261,3818.446,4040.716,4143.093,4252.108,4145.949,4321.294,4475.383,4617.479,4614.157,4780.862,4757.114,4629.977,4698.615,4775.741,4819.264,4858.429,4896.164,4934.193
Benin,461.169,301.491,289.582,248.279,256.749,259.186,320.755,363.866,366.879,329.186,391.836,383.328,417.583,407.402,276.127,362.449,382.222,356.55,374.967,399.06,370.786,373.859,413.418,510.455,571.435,588.1,609.539,686.465,798.583,770.007,734.278,799.768,811.685,887.574,918.111,763.882,770.81,825.835,910.446,969.412,1031.747,1103.124,1170.471
Bhutan,307.957,323.738,331.996,350.04,353.646,356.027,389.913,456.239,506.507,493.323,524.929,455.209,451.704,480.266,494.125,581.144,606.11,668.031,715.848,730.512,773.491,783.204,842.667,932.757,1056.226,1171.862,1288.486,1501.918,1865.175,1721.426,1998.75,2382.108,2445.204,2451.849,2387.861,2603.1,2681.19,2886.819,3217.318,3672.176,3999.275,4213.229,4480.322
Bolivia,695.535,615.66,668.55,619.896,631.152,668.921,640.939,683.624,712.146,715.525,723.42,777.891,804.735,795.05,804.712,885.679,955.574,1005.873,1057.72,1010.58,1005.409,959.844,914.958,918.468,979.59,1049.064,1240.94,1399.8,1749.2,1789.604,1994.911,2394.789,2664.571,2969.52,3146.851,3099.454,3125.171,3412.238,3647.862,3878.125,4144.96,4447.717,4767.643
Bosnia and Herzegovina,no data,no data,no data,no data,no data,no data,no data,no data,no data,no data,no data,no data,no data,no data,no data,no data,983.161,1218.931,1445.304,1547.958,1468.876,1522.828,1753.109,2197.047,2611.8,2789.938,3178.846,3912.377,4784.496,4508.159,4404.37,4788.774,4430.534,4681.919,4784.815,4186.666,4298.45,4540.468,4836.658,5076.059,5323.377,5563.677,5833.022
Botswana,1199.223,1039.432,1057.51,1126.868,1079.237,968.951,1267.145,1915.113,2398.684,2584.231,2750.806,2673.588,2684.209,2629.778,2755.722,2984.191,3006.151,3025.699,2841.934,3173.687,3301.535,3091.388,3017.695,4119.088,4842.171,5346.037,5347.437,5676.787,5641.183,5206.455,6853.67,7550.724,7154.186,7124.945,7728.448,6780.971,7227.351,7673.797,7952.19,8164.149,8376.637,8582.897,8815.355
Brazil,1255.999,1411.906,1476.938,1159.031,1129.335,1756.028,1996.584,2131.771,2338.039,3153.499,3172.073,2734.7,2577.327,2846.348,3569.459,4950.301,5207.936,5327.212,5132.052,3507.744,3778.965,3183.613,2859.406,3090.526,3659.059,4815.889,5912.961,7374.775,8854.994,8625.13,11298.413,13242.687,12366.951,12294.596,12111.736,8810.496,8726.901,10019.79,10514.588,10913.416,11333.783,11773.919,12243.254
Brunei Darussalam,no data,no data,no data,no data,no data,19979.818,11946.922,13281.59,12241.233,13457.077,15422.566,15773.381,17386.219,16664.546,16140.896,18292.06,19282.327,19120.874,14526.109,16112.075,20511.076,18680.432,18845.723,20821.905,24294.89,28589.055,33253.615,34811.045,42678.823,31287.184,35437.219,47092.296,47640.767,44540.154,41509.256,30994.98,26935.123,27893.449,27601.242,29152.128,31007.348,34021.791,35818.902
Bulgaria,2818.226,3029.505,3148.774,3226.338,3421.643,2930.406,2599.523,3025.765,4973.359,5101.198,2267.396,224.185,919.068,504.076,895.398,1514.293,1153.869,1228.132,1631.94,1673.66,1613.935,1783.719,2074.575,2689.794,3344.643,3839.448,4444.514,5812.681,7152.785,6859.679,6743.737,7836.578,7401.944,7703.481,7877.094,7017.109,7377.001,7923.967,8701.305,9203.852,9714.355,10192.035,10684.704
Burkina Faso,291.201,247.214,224.62,200.202,174.547,200.896,256.767,291.128,313.06,304.852,351.985,346.407,361.049,334.946,196.026,235.832,249.359,229.488,255.71,267.009,226.844,237.465,261.801,332.957,371.76,407.819,420.717,475.393,571.69,553.276,583.611,666.418,673.399,698.783,700.958,616.067,658.164,696.448,753.268,799.059,845.806,890.868,933.613
Burundi,232.381,234.94,241.083,247.995,218.999,247.644,253.424,231.932,211.184,213.175,207.113,207.674,187.243,162.572,157.474,167.177,142.588,157.054,141.755,133.412,130.225,127.349,116.392,108.066,122.381,148.71,166.657,174.016,201.97,217.263,242.84,260.918,265.913,286.547,318.9,318.938,325.262,343.393,376.738,439.039,499.698,555.431,612.093
Cabo Verde,541.435,522.81,517.666,499.536,466.312,476.329,645.817,783.24,861.862,853.014,957.369,974.873,1062.47,1046.265,1149.124,1342.454,1351.814,1292.61,1348.93,1502.101,1332.05,1365.332,1479.593,1908.977,2159.232,2278.165,2566.454,3129.819,3692.003,3524.33,3413.263,3801.454,3463.269,3614.463,3590.051,3042.979,3086.413,3212.921,3432.081,3611.829,3790.493,3960.449,4135.332
Cambodia,no data,no data,no data,no data,no data,no data,25.707,17.116,32.608,39.704,99.833,215.671,252.491,242.479,265.056,319.537,316.188,302.166,267.864,293.699,299.982,320.046,337.501,360.659,405.629,470.683,536.151,627.78,741.855,734.655,781.912,877.635,945.17,1010.772,1091.487,1167.718,1277.696,1389.631,1495.561,1610.355,1728.687,1852.765,1979.696
Cameroon,869.544,957.245,892.923,876.02,901.637,917.213,1163.493,1310.33,1292.748,1118.755,1086.121,1174.866,1044.945,1058.31,699.238,645.162,699.386,687.901,668.314,662.464,580.876,603.292,662.985,807.331,909.429,931.339,979.742,1085.191,1208.902,1176.48,1158.78,1271.207,1234.371,1344.712,1423.916,1230.373,1238.333,1262.564,1328.602,1385.804,1448.213,1511.874,1578.535
Canada,11239.072,12355.415,12499.474,13441.381,13894.395,14131.186,14479.538,16339.729,18966.339,20763.516,21495.149,21807.255,20915.034,20145.558,19963.295,20641.543,21257.09,21857.611,20975.139,22261.148,24221.265,23777.486,24210.039,28242.185,32075.361,36315.727,40441.766,44599.148,46660.868,40831.097,47512.679,52143.843,52577.385,52494.129,50509.592,43349.618,42224.939,44773.26,47657.644,49196.489,50525.155,51909.524,53296.774
Central African Republic,313.369,316.495,298.747,279.719,265.441,340.227,431.342,465.181,490.939,474.879,539.656,502.896,489.786,418.922,268.106,340.988,298.443,285.804,296.103,290.99,243.232,242.266,255.649,289.835,322.802,337.641,362.233,413.345,474.39,464.514,456.564,495.035,480.053,329.444,362.872,332.366,364.231,399.787,439.516,481.61,529.773,582.843,628.193
Chad,167.345,193.153,182.076,177.734,186.265,196.954,236.6,261.657,298.418,274.973,323.311,312.824,318.428,271.777,215.007,248.074,269.041,252.174,277.79,238.555,210.22,252.59,287.299,360.742,567.507,739.472,804.514,915.118,1072.769,933.675,1046.89,1162.474,1155.526,1180.371,1240.999,946.877,851.624,799.355,810.598,834.644,873.392,906.649,938.098
Chile,2580.044,3004.874,2204.486,1762.302,1687.103,1424.432,1504.505,1743.965,2021.144,2289.559,2503.988,2829.874,3386.141,3559.507,4035.988,5113.078,5345.973,5739.782,5440.425,4943.061,5054.314,4557.575,4450.344,4776.151,6201.681,7606.297,9477.121,10510.297,10757.692,10221.846,12789.526,14607.945,15306.921,15786.469,14644.662,13469.552,13575.996,14314.752,14274.43,14757.203,15293.315,15881.505,16522.758
"China, People's Republic of",309.356,290.514,282.064,298.698,303.445,295.336,282.158,302.199,371.015,409.094,348.651,358.826,423.032,525.708,472.65,608.375,708.58,780.839,827.643,872.222,958.564,1053.145,1150.213,1293.129,1512.619,1765.721,2110.574,2703.003,3467.03,3837.903,4524.055,5582.887,6329.464,7080.828,7701.691,8166.756,8123.256,8582.94,9376.968,10121.3,10986.471,11887.521,12834.725
Colombia,1644.643,1752.718,1836.665,1786.854,1728.19,1587.194,1557.076,1587.582,1676.397,1656.045,1653.128,1673.892,1941.929,2159.589,2665.578,2967.146,3066.617,3322.988,3021.488,2613.62,2478.536,2406.053,2369.905,2261.583,2763.699,3416.901,3749.84,4722.938,5495.984,5200.047,6305.285,7284.992,7930.752,8067.943,7937.633,6047.97,5792.182,6237.586,6472.257,6766.951,7080.386,7403.874,7742.142
Comoros,429.869,367.044,340.104,322.463,307.777,303.118,398.188,466.449,477.398,442.712,541.682,581.286,615.15,596.505,390.795,477.122,464.052,418.506,416.247,421.228,374.716,399.18,447.154,564.751,612.04,646.083,658.654,737.819,819.412,801.496,789.466,860.243,815.058,872.765,881.952,732.749,744.781,777.468,836.886,867.528,897.415,923.431,949.415
"Congo, Dem. Rep. of the",2389.497,2013.735,2119.585,1654.969,1069.067,945.84,1027.324,941.553,1056.053,1040.305,1043.394,980.857,857.123,1083.618,569.18,535.473,669.972,589.051,422.612,376.174,363.867,151.345,156.764,156.295,175.255,196.635,228.375,253.789,288.033,267.744,292.955,338.627,368.785,424.418,452.93,470.151,467.414,466.391,466.334,467.571,470.864,476.844,484.721
"Congo, Republic of ",1311.065,1042.618,881.785,777.733,693.686,690.061,915.602,1079.073,1113.618,1107.124,1260.674,1191.066,1250.849,1116.788,718.177,837.921,981.466,875.412,716.86,845.596,1126.961,954.134,1006.064,1138.407,1475.933,1886.274,2335.487,2192.48,2936.932,2624.081,3364.131,3950.862,3555.944,3561.155,3492.5,2067.086,1854.855,1793.848,1786.368,1771.727,1812.534,1921.129,1902.279
Costa Rica,2100.757,1107.138,1067.872,1252.589,1415.777,1472.762,1605.215,1606.451,1591.981,1756.797,1873.621,2318.477,2688.046,2927.069,3105.446,3327.394,3265.484,3437.063,3638.579,3703.133,3927.591,4029.576,4108.17,4213.892,4470.856,4743.154,5295.906,6187.386,7003.463,6897.244,8300.692,9302.26,10098.778,10677.808,10695.652,11435.967,11836.435,11856.789,12144.514,12735.504,13361.817,14035.961,14749.319
Croatia,no data,no data,no data,no data,no data,no data,no data,no data,no data,no data,no data,no data,2589.329,2804.466,3834.633,5027.751,5251.627,5243.551,5631.133,5132.663,4970.183,5409.836,6243.553,8048.914,9365.635,10224.203,11359.5,13543.972,15889.111,14142.275,13505.029,14537.955,13234.667,13573.74,13468.729,11636.945,12164.949,12862.948,13958.052,14599.554,15211.303,15757.827,16668.025
Cyprus,4549.59,4352.502,4452.666,4399.223,4575.652,4824.674,6057.903,7188.216,8204.3,8635.765,10359.998,10413.726,12158.597,11342.407,12525.318,15397.095,15260.132,14324.54,15188.886,15379.941,14464.882,14903.867,16188.412,20389.059,23969.876,25527.048,27448.989,31774.789,36030.355,32635.568,31262.37,32692.698,29032.116,27791.664,27208.265,23105.266,23351.874,24740.962,26742.003,27623.224,28559.985,29373.306,30224.456
Czech Republic,no data,no data,no data,no data,no data,no data,no data,no data,no data,no data,no data,no data,no data,no data,no data,5783.049,6492.133,5992.073,6453.424,6304.157,5998.127,6599.25,8028.306,9776.517,11687.388,13362.343,15206.389,18433.577,22819.082,19787.766,19831.401,21736.836,19739.899,19912.51,19768.84,17728.702,18507.729,19818.364,22467.892,23771.403,25101.887,26404.657,27675.59
Côte d'Ivoire,1257.522,1023.475,883.91,758.421,734.347,724.88,927.677,981.641,983.856,903.991,962.371,900.246,919.427,827.634,605.34,777.446,833.763,785.554,823.88,788.126,666.208,676.74,729.528,880.13,927.168,933.024,946.725,1055.077,1228.524,1197.476,1195.439,1200.775,1221.004,1388.45,1530.619,1381.392,1466.426,1598.795,1773.699,1892.592,2009.977,2119.553,2229.244
Denmark,13888.986,12079.024,11803.245,11853.921,11563.578,12263.831,17220.112,21353.566,22531.226,21918.309,26922.444,27060.384,29631.339,27643.446,30054.144,35477.694,35734.723,32901.275,33429.551,33491.679,30804.458,30812.051,33277.951,40519.863,46570.353,48876.175,52122.977,58641.193,64531.119,58286.537,58177.162,61864.093,58623.414,61325.575,62605.697,53237.279,53744.643,56334.61,60633.819,62616.681,64615.102,66570.942,68598.728
Djibouti,no data,no data,no data,no data,no data,no data,no data,no data,no data,no data,934.297,929.131,934.386,886.101,909.389,895.477,864.577,855.79,851.679,870.939,871.161,880.352,884.072,905.262,934.845,967.29,1020.629,1094.968,1235.838,1240.597,1306.536,1433.171,1522.945,1592.86,1690.668,1788.363,1902.754,2039.908,2186.948,2344.587,2490.097,2644.638,2808.77
Dominica,no data,1112.642,1217.573,1346.688,1495.272,1642.752,1864.889,2102.964,2377.904,2582.185,2819.552,3087.299,3287.848,3448.673,3713.105,3855.291,4104.42,4254.367,4526.684,4657.561,4681.178,4775.344,4680.264,4825.77,5165.218,5127.438,5497.251,5939.91,6463.44,6903.996,6975.991,7082.209,6868.992,7096.217,7402.795,7564.368,8220.134,8591.735,8952.397,9259.941,9618.554,9981.91,10334.271
Dominican Republic,1534.317,1677.447,1545.099,1562.13,2397.598,1022.611,1212.354,1245.272,1113.835,1230.744,1123.244,1365.232,1573.686,1741.67,1916.438,2141.061,2309.916,2495.033,2658.543,2674.827,2894.302,3007.381,3158.394,2460.554,2540.849,4008.356,4188.715,4803.473,5194.799,5151.172,5685.768,6056.585,6270.3,6342.71,6609.186,6833.236,7113.93,7360.515,7733.311,8126.272,8531.153,8956.125,9402.309
Ecuador,2097.141,2087.382,2026.375,1732.499,1794.733,2044.313,1461.92,1332.147,1234.671,1182.529,1173.126,1286.617,1375.712,1572.842,1858.323,1980.373,2037.13,2253.233,2257.861,1598.768,1461.838,1909.424,2180.386,2434.977,2700.118,3025.012,3351.476,3588.311,4267.473,4241.938,4633.247,5192.875,5664.886,6030.502,6382.31,6153.804,5917.104,5875.69,5855.932,5875.818,5934.296,6013.223,6121.021
Egypt,580.042,617.659,711.351,846.388,925.97,1049.33,1132.456,1585.217,1858.029,2266.442,1870.847,923.843,825.448,906.804,978.537,1111.782,1221.885,1342.925,1469.317,1532.889,1642.629,1569.035,1356.683,1254.101,1195.373,1330.459,1563.479,1861.052,2270.356,2578.046,2921.757,3077.343,3383.113,3400.321,3524.418,3731.177,3684.574,no data,no data,no data,no data,no data,no data
El Salvador,827.453,721.362,706.746,672.756,488.958,471.671,470.105,472.315,543.663,611.688,914.457,996.435,1102.722,1268.373,1459.495,1693.494,1819.312,1943.229,2077.578,2138.027,2237.513,2337.174,2408.535,2520.385,2633.05,2834.793,3061.172,3306.727,3507.529,3364.984,3476.997,3738.126,3828.553,3896.144,3989.522,4128.732,4226.735,4303.2,4497.685,4663.578,4832.428,5002.946,5170.137
Equatorial Guinea,143.872,125.994,140.562,145.98,149.718,235.985,276.579,325.31,339.574,289.43,356.344,341.024,400.521,391.041,280.181,381.481,605.21,1115.206,905.263,1469.641,2230.362,3128.49,3738.426,6621.358,10154.496,13557.036,16228.886,20436.76,30013.898,22202.516,23411.827,29789.825,30408.456,28985.72,27583.945,15214.589,12399.404,11948.105,11456.544,11200.291,10985.717,11054.556,11058.488
Eritrea,no data,no data,no data,no data,no data,no data,no data,no data,no data,no data,no data,no data,228.342,141.275,163.487,180.681,213.475,214.166,219.756,208.742,182.647,188.327,176.725,204.137,251.844,241.462,257.739,271.509,275.243,358.441,395.645,471.792,541.52,593.796,665,741.363,823.111,900.792,988.157,1083.362,1098.82,1214.411,1343.741
Estonia,no data,no data,no data,no data,no data,no data,no data,no data,no data,no data,no data,no data,no data,1150.732,1648.997,2621.986,3329.193,3607.157,4034.853,4162.738,4072.163,4494.445,5308.888,7163.764,8835.485,10320.6,12576.698,16579.404,18144.137,14757.474,14652.348,17441.454,17398.375,19046.742,19961.64,17192.427,17786.014,19618.312,21964.346,23532.853,25058.644,26479.746,27950.539
Ethiopia,215.178,215.599,220.557,237.661,217.423,246.507,247.981,256.699,257.56,262.233,269.082,287.651,293.35,176.465,151.965,152.658,155.121,152.171,134.226,128.213,129.678,125.722,116.789,120.873,138.553,165.218,198.344,249.209,334.145,397.808,360.829,379.381,503.989,548.048,628.342,720.617,795.234,860.557,927.39,993.625,1065.258,1146.143,1227.932
FYR Macedonia,no data,no data,no data,no data,no data,no data,no data,no data,no data,no data,no data,no data,1263.863,1383.543,1824.418,2387.158,2348.109,1980.429,1888.755,1931.989,1878.237,1839.616,1974.061,2440.813,2796.622,3071.897,3359.608,4076.296,4838.148,4579.092,4576.228,5174.894,4728.267,5239.722,5498.606,4854.212,5263.911,5500.299,5916.366,6257.45,6625.23,6982.728,7369.497
Fiji,1941.876,1947.628,1833.922,1682.16,1727.279,1647.503,1845.552,1678.205,1579.6,1650.188,1808.653,1857.766,2039.328,2159.947,2391.808,2561.679,2747.213,2682.198,2105.335,2452.176,2111.221,2066.446,2277.858,2842.89,3324.78,3640.166,3730.849,4066.886,4334.791,3514.994,3827.13,4422.608,4632.025,4863.456,5179.865,5017.175,5357.484,5761.062,6114.407,6483.152,6874.156,7288.741,7720.849
Finland,11261.272,10991.49,11039.387,10546.858,10889.008,11490.921,14999.985,18633.449,22031.74,24067.004,28507.164,25663.521,22490.249,17670.344,20433.743,26349.626,25827.609,24746.045,26054.463,26242.767,24347.469,24967.82,26958.545,32921.376,37748.129,39106.576,41240.452,48463.305,53785.144,47337.938,46391.713,50960.182,47553.397,49766.126,50087.853,42501.245,43482.406,45692.892,49206.649,51018.722,52749.984,54236.805,55722.789
France,13111.787,11497.085,10860.896,10330.873,9733.747,10149.984,14006.561,16871.826,18326.779,18328.022,22600.462,22524.405,24725.736,23212.099,24398.135,27898.303,27870.574,25166.999,25951.704,25680.897,23317.944,23342.092,25226.206,30808.706,35153.793,36209.519,37900.031,43155.504,47273.321,43234.246,42249.064,45430.283,42333.09,44104.924,44571.659,37840.083,38177.856,39673.138,42418.746,43830.648,45214.036,46413.071,47623.702
Gabon,6093.615,5376.616,4930.527,4619.015,4346.388,4478.468,5735.355,4245.955,4581.144,4899.234,6815.634,5993.32,6015.511,5677.618,4293.942,4956.842,5552.917,5068.093,4161.617,4222.734,4477.321,4062.351,4193.464,5005.606,5829.801,6936.103,7264.249,8639.698,10377.414,7833.864,8917.315,10891.096,9903.189,9760.882,9956.474,7754.492,7453.366,7583.932,8006.021,8423.251,8831.352,9269.134,9780.705
"Gambia, The",646.083,581.82,530.811,513.319,354.42,414.081,310.455,399.786,445.779,449.906,506.989,511.142,532.507,538.797,515.654,522.425,530.113,524.934,524.071,522.608,494.359,476.03,407.787,392.422,414.981,433.291,440.314,519.954,608.648,549.533,562.2,513.569,503.581,481.53,432.134,448.158,469.043,488.468,498.504,508.991,518.335,526.85,535.538
Georgia,no data,no data,no data,no data,no data,no data,no data,no data,no data,no data,no data,no data,no data,no data,167.794,397.848,655.332,770.192,800.675,627.58,689.35,731.21,776.793,924.35,1201.953,1522.416,1862.95,2478.769,3158.884,2693.734,2951.244,3710.701,4130.549,4266.593,4428.262,3761.91,3871.824,4123.314,4528.906,4884.28,5282.223,5745.055,6258.636
Germany,11069.918,9296.657,8982.042,8992.023,8507.111,8649.293,12343.874,15355.904,16454.698,16174.37,20174.09,23371.686,26441.884,25569.634,27247.029,31907.944,30744.887,27257.16,27582.013,27054.505,24008.66,23949.76,25576.541,30785.51,34657.304,35239.901,37020.463,42531.377,46681.071,42576.208,42641.549,46853.217,44089.549,46545.379,48118.745,41344.651,42176.854,44184.445,47535.422,49180.543,50837.458,52287.103,53810.127
Ghana,2495.675,4018.132,4543.851,3299.581,981.094,802.722,710.799,591.411,611.468,603.887,697.566,765.977,733.931,629.466,560.648,647.989,678.78,655.83,694.591,700.493,440.32,457.951,518.058,625.263,709.468,835.901,952.301,1126.861,1266.113,1107.394,1357.644,1627.899,1682.583,1870.158,1479.018,1372.174,1551.415,1607.739,1697.395,1777.371,1849.519,1932.362,2030.012
Greece,5902.793,5386.846,5615.845,5053.78,4896.327,4835.332,5672.316,6575.756,7634.361,7878.323,9680.898,10283.81,11249.325,10450.665,11109.703,13000.032,13776.953,13485.692,13526.764,13867.05,12268.134,12579.239,14178.161,18533.8,22014.606,22626.136,24858.259,28899.948,32198.014,29819.229,26972.873,25896.934,22171.911,21805.257,21639.937,17955.191,18049.302,18945.088,20566.867,21358.053,22179.929,22897.215,23444.367
Grenada,1246.003,1276.906,1347.451,1373.168,1478.411,1678.863,1873.217,2163.509,2410.287,2759.682,2888.348,3118.149,3191.017,3151.541,3270.578,3413.022,3640.139,3878.39,4401.421,4751.576,5117.59,5109.959,5292.232,5773.074,5836.177,6754.512,6766.487,7324.191,7947.444,7395.088,7365.667,7410.477,7583.187,7956.076,8574.014,9342.058,9857.474,10328.237,10753.993,11186.243,11658.258,12178.639,12722.248
Guatemala,1014.948,1081.263,1067.959,1081.019,1102.926,1269.503,669.266,755.753,798.248,897.807,767.058,916.058,991.381,1052.61,1165.427,1279.143,1335.423,1479.006,1570.72,1448.276,1475.207,1568.379,1701.769,1753.339,1872.738,2077.835,2256.559,2489.954,2794.241,2635.743,2825.507,3187.836,3299.603,3452.83,3687.748,3923.56,4070.262,4184.922,4321.165,4519.651,4730.896,4932.826,5126.514
Guinea,no data,no data,no data,no data,no data,no data,no data,no data,no data,no data,616.328,660.444,678.626,639.332,626.432,655.749,656.708,628.192,591.511,557.831,461.784,427.879,444.663,517.03,538.88,470.57,426.419,628.711,675.387,637.478,631.291,540.562,637.791,712.982,729.798,709.858,669.868,707.989,741.32,778.921,818.998,860.942,901.136
Guinea-Bissau,218.699,273.941,305.168,337.149,229.638,330.465,316.017,262.605,239.877,282.621,337.82,465.072,498.383,376.258,414.591,428.799,399.43,371.271,329.054,347.745,304.679,311.968,328.927,375.208,409.25,442.774,436.72,502.821,613.081,571.99,582.54,736.685,649.025,671.137,662.382,639.508,692.473,761.348,831.816,876.743,921.93,964.286,1006.811
Guyana,739.531,711.499,587.896,634.647,632.507,645.046,711.736,891.358,836.085,1072.803,905.709,1024.369,837.991,1001.878,1209.223,1366.164,1528.558,1618.376,1511.149,1549.823,1513.77,1517.114,1560.957,1612.484,1697.202,1766.006,1956.018,2334.01,2560.997,2693.189,3004.231,3414.761,3765.71,3929.407,4029.048,4150.565,4474.774,4662.296,4816.609,5042.576,6156.77,7305.733,7580.565
Haiti,260.453,281.633,287.754,303.4,330.237,360.211,393.132,190.252,123.631,112.003,139.691,123.002,72.415,81.256,231.269,359.759,364.991,411.606,450.945,494.256,462.491,413.718,393.004,329.766,387.951,465.33,505.495,615.81,674.858,668.272,662.013,740.848,766.807,810.172,829.911,809.672,758.828,761.191,805.252,843.86,884.517,922.766,958.328
Honduras,965.369,1027.84,1026.636,1055.263,1104.026,1174.226,1192.962,1262.822,1365.687,1482.571,850.16,832.248,902.651,901.375,860.229,968.433,911.308,979.457,1063.53,1049.427,1137.825,1187.493,1196.349,1228.48,1298.936,1405.781,1547.264,1720.766,1899.55,1962.068,2096.203,2315.744,2386.739,2348.764,2472.853,2567.048,2608.881,2729.778,2796.625,2834.879,2873.657,2927.244,3003.178
Hong Kong SAR,5664.005,5953.184,6096.008,5551.001,6127.277,6437.272,7328.16,8981.209,10453.737,11928.581,13280.757,15190.42,17586.434,19925.351,22038.659,22908.864,24699.003,27215.66,25653.119,24974.374,25578.345,25170.835,24733.055,23858.492,24875.651,26553.926,28030.896,30496.829,31488.09,30593.782,32421.071,34955.258,36623.533,38233.314,40185.76,42328.106,43561.08,44999.306,46076.533,47512.008,48778.763,50202.769,51925.76
Hungary,2145.104,2200.599,2243.329,2040.346,1984.018,2016.977,2331.882,2575.208,2830.165,2901.096,3302.495,3340.316,3722.402,3859.663,4156.703,4479.187,4509.077,4579.968,4733.626,4786.377,4618.419,5264.385,6639.929,8385.949,10249.532,11149.638,11392.397,13828.549,15658.63,12956.373,13007.562,14036.828,12804.164,13591.429,14107.876,12343.717,12652.454,13459.733,14742.116,15459.895,16133.206,16717.874,17276.15
Iceland,15032.961,15326.953,13886.162,11777.207,12072.728,12503.462,16539.171,22601.843,24541.557,22601.729,25580.98,26927.824,27264.816,23660.479,24114.533,26772.661,27863.706,27888.145,30714.495,32006.277,31570.813,28420.117,31890.953,38902.786,46695.731,55657.933,55394.159,67504.849,55235.253,40572.623,41622.657,45919.296,44176.684,47530.351,52199.826,50472.936,59629.047,73092.204,83749.763,89388.882,92041.992,94167.879,96036.759
India,276.35,280.764,284.468,303.761,288.563,311.426,324.248,356.246,368.341,361.454,385.378,318.104,332.497,315.42,362.366,391.249,418.63,434.709,432.225,462.218,462.978,471.701,491.989,571.555,656.517,747.335,837.46,1076.835,1048.735,1153.188,1422.929,1497.746,1481.562,1485.595,1607.406,1628.995,1741.652,1852.088,1989.299,2164.743,2354.68,2563.158,2791.065
Indonesia,673.239,736.992,741.946,659.474,672.201,658.217,610.234,562.902,621.934,696.874,770.757,847.573,907.767,1013.057,1115.613,1254.023,1394.497,1308.114,572.09,829.574,870.154,834.139,1002.907,1186.845,1280.696,1403.876,1764.79,2064.232,2418.043,2464.956,3178.133,3688.531,3744.53,3684,3533.606,3370.929,3604.291,3858.693,4116.374,4391.451,4744.058,5202.185,5662.423
Iran,2374.489,2467.077,2972.051,3495.567,3460.423,3731.585,4183.093,5430.471,6060.405,7059.022,10492.898,5373.185,868.323,1126.316,1407.947,1960.324,2629.08,3039.449,3351.023,4375.701,5682.046,5081.007,1951.332,2269.029,2671.123,3201.539,3733.096,4758.177,5434.887,5419.41,6235.527,7680.859,5118.474,5152.037,5395.791,4723.476,5026.67,5252.413,4837.688,5103.895,5414.777,5713.79,6071.367
Iraq,no data,no data,no data,no data,no data,no data,no data,no data,no data,no data,no data,no data,no data,no data,no data,no data,no data,no data,no data,no data,no data,no data,no data,608.655,1373.738,1828.738,2321.258,3090.851,4472.118,3701.862,4473.71,5848.537,6692.576,7021.406,6517.259,4869.207,4532.736,4958.069,5091.23,5193.826,5361.86,5568.967,5806.044
Ireland,6250.316,5884.588,6076.306,5838.098,5591.01,5935.015,7957.031,9417.815,10363.534,10753.653,13641.644,13748.496,15331.619,14128.499,15452.188,19082.535,20775.895,22464.536,24186.267,26189.995,26153.734,28085.291,32450.219,40920.855,47347.824,50473.705,53778.423,60831.82,61213.615,52112.888,48674.324,52212.573,49066.808,51867.395,55826.11,62344.678,64782.3,68604.375,74492.543,77742.078,80918.093,83764.865,86597.752
Israel,6080.849,6397.24,6735.243,7355.31,6874.476,6277.779,7610.138,8943.644,10897.511,10900.187,12470.359,13320.198,14369.739,14070.443,15657.819,18107.043,19352.725,19700.476,19435.939,19156.737,21053.346,20307.821,18437.129,18971.712,19900.499,20566.739,21834.109,24902.762,29540.59,27722.008,30654.337,33701.493,32539.282,36307.198,37556.294,35705.407,37192.14,39974.34,40762.43,41377.49,42259.403,43145.117,44064.458
Italy,8576.081,7764.518,7668.017,7951.107,7854.763,8110.888,11485.191,14415.464,15966.447,16591.142,20690.996,21844.143,23159.17,18609.968,19186.321,20609.055,23033.403,21811.841,22283.565,21968.415,20116.615,20423.14,22298.572,27493.855,31249.582,31961.477,33341.157,37685.357,40689.133,36849.92,35657.647,38003.359,34469.65,35219.795,35456.697,30032.106,30507.181,31618.678,33725.014,34671.166,35577.309,36303.286,36985.381
Jamaica,1214.379,1310.503,1479.509,1289.23,948,878.359,1034.771,1158.596,1372.734,1588.557,1971.695,1799.773,1804.411,2280.661,2266.075,2657.668,2835.026,3218.158,3339.396,3320.51,3367.753,3391.605,3552.575,3397.724,3654.791,4010.179,4253.269,4756.272,5054.543,4435.332,4812.073,5230.726,5330.88,5101.923,4953.122,5052.677,4933.799,5023.606,5230.274,5467.224,5741.694,6046.942,6365.529
Japan,9339.27,10245.376,9473.798,10264.325,10813.987,11494.325,16970.562,20453.565,24704.268,24628.061,25195.882,28717.846,31193.806,35657.272,39224.151,43454.779,38453.377,35042.318,31931.068,35912.458,38533.864,33860.453,32301.301,34844.659,37701.442,37228.225,35464.644,35342.482,39453.502,41014.194,44673.608,48168.814,48632.913,40490.155,38143.113,34493.264,38882.636,38550.089,40063.255,41314.41,42049.615,42963.225,44005.828
Jordan,1750,1892.353,1944.289,1967.131,1912.998,1852.29,2283.096,2316.703,2089.271,1352.556,1199.707,1174.024,1396.769,1385.329,1497.162,1559.511,1580.727,1608.134,1711.508,1719.946,1741.926,1802.971,1879.653,1949.461,2132.974,2300.144,2688.739,2989.803,3754.282,3983.28,4322.817,4615.17,4849.875,5151.713,5374.59,5505.7,5549.141,5677.617,5837.503,6011.257,6202.238,6405.505,6615.434
Kazakhstan,no data,no data,no data,no data,no data,no data,no data,no data,no data,no data,no data,no data,168.645,304.849,737.242,1058.581,1349.596,1457.027,1445.898,1132.124,1230.491,1491.653,1657.15,2062.289,2862.502,3753.444,5261.01,6733.45,8349.277,7116.502,9005.258,11553.128,12300.475,13789.252,12712.104,10434.756,7456.438,8585.31,9224.342,9858.95,10526.699,11314.258,12225.344
Kenya,641.654,582.63,541.284,484.062,485.688,467.396,536.791,569.04,570.524,546.95,552.681,506.802,484.699,326.994,380.183,468.002,516.168,507.78,564.736,500.113,479.303,479.603,473.995,524.743,549.163,621.283,743.439,895.226,978.454,982.003,1038.953,1054.979,1238.875,1318.803,1431.257,1447.852,1551.705,1677.695,1790.014,1897.909,1995.098,2109.819,2242.45
Kiribati,702.094,735.458,680.896,617.277,661.104,500.889,479.615,1080.928,658.759,637.653,600.56,645.767,646.935,623.303,716.426,721.087,847.072,839.089,805.035,832.626,802.564,732.9,824.865,1016.432,1128.371,1212.133,1148.56,1356.395,1437.106,1312.41,1490.904,1688.138,1759.663,1710.478,1640.064,1520.507,1546.884,1625.162,1678.128,1729.019,1763.132,1790.299,1817.961
"Korea, Republic of",1710.794,1870.342,1977.501,2180.548,2390.645,2457.689,2803.373,3510.95,4686.323,5736.468,6513.161,7522.976,8002.149,8740.708,10206.752,12340.025,13137.108,12132.831,8083.133,10409.505,11946.77,11255.772,12782.468,14210.644,15907.906,18639.521,20893.477,23060.709,20430.64,18291.92,22086.953,24079.79,24358.78,25890.018,27811.367,27105.076,27534.841,29730.204,30919.17,32154.018,33367.913,34576.155,35769.646
Kosovo,no data,no data,no data,no data,no data,no data,no data,no data,no data,no data,no data,no data,no data,no data,no data,no data,no data,no data,no data,no data,1517.279,1722.226,1789,2183.17,2220.655,2265.964,2340.193,2792.655,3323.217,3243.745,3290.622,3717.919,3598.391,3898.089,4016.459,3505.768,3601.698,3580.618,3697.55,3835.772,3997.245,4162.425,4323.695
Kuwait,20966.177,17631.854,14417.541,12973.988,13410.421,12670.687,9653.473,10956.483,9640.407,11359.505,8588.145,7960.513,13989.932,16213.488,13549.775,13871.989,15068.13,13740.681,11424.919,13358.134,17012.776,15108.112,15759.074,18786.749,21585.563,27014.773,31907.199,33732.522,42827.126,30414.739,32216.413,41831.403,45993.653,44775.38,40688.823,27884.758,26244.814,27236.747,28199.185,29259.323,30344.388,31516.564,32734.02
Kyrgyz Republic,no data,no data,no data,no data,no data,no data,no data,no data,no data,no data,no data,no data,207.064,147.505,244.768,324.841,390.961,373.374,339.082,254.832,277.937,307.038,320.429,378.356,431.162,473.877,540.54,719.775,960.95,865.597,875.264,1116.335,1166.15,1269.791,1266.639,1109.428,1072.747,1139.574,1159.512,1212.822,1265.098,1312.789,1363.416
Lao P.D.R.,613.554,351.826,344.14,613.776,855.596,1047.035,712.071,487.675,308.818,370.816,426.322,487.955,543.561,595.309,673.42,763.126,775.942,716.319,267.284,278.724,333.16,334.638,345.385,416.07,479.63,542.382,686.652,822.36,1013.823,1080.469,1242.962,1463.469,1640.935,1899.979,2075.142,2212.402,2394.422,2567.502,2755.768,2974.123,3207.284,3447.07,3703.813
Latvia,no data,no data,no data,no data,no data,no data,no data,no data,no data,no data,no data,no data,632.908,1022.24,1724.98,2163.463,2417.455,2669.57,2965.155,3140.329,3336.905,3548.497,4116.175,5111.495,6315.403,7533.788,9635.173,14010.234,16316.827,12131.328,11228.126,13735.611,13762.165,14951.829,15689.516,13614.468,14062.682,15402.657,17241.212,18406.004,19494.572,20515.355,21543.073
Lebanon,1597.854,1538.803,1053.458,1451.65,1716.057,1417.256,1088.521,1260.38,1252.563,1016.432,1050.1,1617.319,1965.326,2597.534,3062.406,3665.366,4232.268,5090.901,5552.029,5513.693,5330.985,5240.259,5430.421,5351.762,5487.237,5390.191,5404.319,6008.359,6982.066,8353.646,8850.222,9143.873,9914.051,10398.959,10810.085,11177.525,11294.66,11683.945,12081.545,12478.474,12897.748,13405.584,13950.731
Lesotho,381.835,377.699,306.462,328.493,299.507,233.778,262.057,327.015,361.263,365.054,428.297,479.248,534.663,521.355,538.489,575.939,549.531,577.996,531.226,519.875,504.247,461.244,419.258,621.461,790.208,878.251,926.197,1041.272,1029.389,1072.236,1387.283,1561.041,1478.227,1392.773,1353.857,1243.916,1178.889,1413.554,1492.896,1573.978,1657.048,1748.241,1853.578
Liberia,no data,no data,no data,no data,no data,no data,no data,no data,no data,no data,no data,no data,no data,no data,no data,no data,no data,no data,no data,no data,191.866,194.278,199.165,158.525,180.642,205.604,223.636,274.466,311.672,314.991,341.985,397.384,438.981,480.705,481.142,474.343,477.586,474.984,475.013,494.984,522.875,543.423,589.33
Libya,13031.83,10762.563,10247.108,9371.005,8411.48,8319.667,6524.775,5815.611,5795.806,5881.526,7193.535,7776.953,7703.526,6780.858,6192.591,6882.208,7372.447,7424.949,5980.039,7067.876,7388.136,6485.16,3833.574,4831.424,5988.392,8467.716,9659.637,11711.138,12570.871,8524.772,11417.422,5402.251,12693.637,8282.151,3876.411,2813.201,3205.088,5166.17,7291.9,8852.191,10904.188,13574.075,16908.844
Lithuania,no data,no data,no data,no data,no data,no data,no data,no data,no data,no data,no data,no data,no data,no data,no data,1845.673,2328.215,2830.751,3166.964,3113.638,3297.451,3530.201,4146.106,5505.586,6706.027,7880.303,9246.514,12313.169,15047.25,11866.627,12010.676,14386.61,14354.248,15714.781,16594.606,14259.6,14892.535,16443.205,18311.998,19634.131,21029.373,22412.224,23849.79
Luxembourg,17738.531,15251.808,12514.668,12284.381,12032.97,12448.614,18039.819,22243.348,24980.416,26339.132,33203.643,35501.437,39232.246,39650.87,43488.502,50921.677,49924.332,44388.924,45825.406,49540.816,49183.269,48443.135,53372.178,66058.185,76341.488,81111.958,90498.254,107014.104,115987.042,104358.203,106184.607,117212.249,108038.385,115134.784,120799.371,103157.086,104094.932,107708.217,113626.62,117160.712,120511.557,123297.581,125980.302
Macao SAR,no data,no data,no data,no data,no data,no data,no data,no data,no data,no data,no data,no data,no data,no data,no data,no data,no data,no data,no data,no data,no data,15611.369,16622.924,18346.731,22880.995,24969.752,28805.634,34084.156,38086.666,39615.339,50921.113,65867.576,73937.747,84859.859,86997.503,70214.904,69559.175,79563.556,86116.566,92492.19,98464.185,104125.321,110051.647
Madagascar,462.086,400.199,382.453,371.145,302.587,286.316,317.449,242.877,224.537,222.92,266.884,225.006,244.673,266.592,228.295,234.888,287.765,247.437,252.756,243.816,246.283,278.987,262.742,317.421,245.67,275.516,292.991,379.067,472.379,417.178,414.143,456.329,444.959,462.46,452.81,402.067,401.396,412.168,423.947,443.861,463.918,484.693,503.257
Malawi,326.983,318.032,295.582,298.052,284.324,254.768,251.755,232.783,251.93,272.96,298.716,371.869,300.049,343.226,197.546,227.197,363.682,414.359,264.97,261.557,250.462,240.396,272.824,245.144,259.727,267.785,284.729,306.9,358.416,405.62,442.765,493.843,359.588,317.471,343.979,353.728,294.588,326.609,341.667,350.762,366.121,382.939,401.674
Malaysia,1899.977,1893.237,1978.383,2158.889,2385.618,2124.286,1837.926,2041.02,2182.863,2347.175,2549.611,2844.899,3331.389,3664.867,3971.093,4612.497,5103.04,4941.362,3470.465,3710.067,4286.832,4130.378,4379.641,4673.914,5171.417,5599.049,6264.419,7378.585,8646.566,7439.435,8920.481,10252.588,10655.464,10699.659,11008.868,9505.324,9374.099,9659.878,10489.645,11441.815,12447.701,13539.827,14621.866
Maldives,412.508,464.914,534.906,560.243,646.388,737.78,835.636,769.824,897.934,987.814,1091.55,1184.664,1343.012,1479.446,1591.14,1903.127,2107.605,2553.949,2658.803,2842.658,2967.253,2780.451,2952.215,3690.792,4238.041,3960.43,5268.781,6128.46,7337.931,7450.777,8086.665,8078.262,8719.534,9760.659,10787.471,11542.612,11983.595,12568.603,13195.331,13874.617,14668.373,15521.402,16424.37
Mali,286.454,229.442,198.675,188.035,184.137,182.083,248.952,285.835,282.798,339.689,379.949,378.814,379.407,368.218,274.392,346.178,345.045,315.485,318.588,320.781,268.201,304.877,332.965,389.837,437.009,485.652,518.876,592.868,688.772,694.641,705.377,830.61,772.677,798.568,840.847,740.364,767.693,793.836,837.21,858.049,878.165,897.223,920.25
Malta,3796.748,3677.235,3453.664,3249.768,3101.996,3113.707,3937.745,4878.641,5501.109,5706.163,6784.865,7187.426,7915.69,6982.349,7654.262,8943.676,9071.913,9113.043,9579.392,9928.086,10440.707,10391.674,11338.417,13649.157,15126.472,15898.364,16754.942,19584.633,22116.127,20806.324,21150.423,22926.152,22054.819,24087.646,26411.768,23969.574,25329.384,27567.366,30500.193,32347.791,34118.293,35732.001,37384.472
Marshall Islands,no data,no data,no data,no data,no data,no data,no data,no data,no data,no data,no data,no data,no data,no data,no data,no data,no data,2156.803,2172.783,2124.081,2166.432,2279.975,2513.217,2545.2,2602.713,2694.656,2795.878,2910.93,2911.57,2919.325,3117.301,3259.346,3471.254,3562.792,3406.736,3330.673,3591.644,3623.561,3662.703,3708.678,3766.158,3823.089,3862.437
Mauritania,no data,no data,no data,no data,no data,no data,no data,no data,no data,no data,608.102,677.983,694.818,576.823,590.49,617.47,611.881,578.045,549.551,547.431,489.512,476.237,472.953,542.357,617.684,716.665,1029.675,1097.211,1265.27,1145.919,1318.068,1536.198,1515.414,1618.217,1488.788,1307.148,1246.612,1284.411,1274.069,1286.672,1323.733,1364.519,1419.85
Mauritius,1214.492,1136.785,1076.846,1129.842,1034.728,1039.299,1392.582,1750.111,2015.562,2055.397,2451.91,2663.923,2960.649,3015.568,3300.569,3737.144,3824.56,3546.937,3545.281,3696.125,3929.186,3856.639,4019.001,4793.714,5388.063,5282.897,5455.071,6285.798,7749.308,7082.296,7772.126,8992.962,9113.649,9479.882,10000.692,9114.972,9613.469,9671.904,10105.104,10628.822,11179.639,11733.182,12327.256
Mexico,3174.62,3984.231,2827.761,2256.07,2604.773,2706.821,1835.738,1972.363,2364.437,2823.802,3211.341,3781.788,4312.631,5234.894,5458.35,3667.931,4121.541,4904.804,5101.837,5771.715,6735.909,7143.939,7275.576,6811.343,7270.018,8085.285,8918.709,9504.481,9894.729,7930.26,9199.797,10124.102,10137.241,10659.082,10846.476,9522.404,8562.16,9249.265,10020.796,10492.686,10959.933,11469.896,11987.971
"Micronesia, Fed. States of",no data,no data,no data,no data,no data,no data,no data,no data,no data,no data,no data,no data,no data,no data,no data,2097.562,2064.76,1947.602,2058.476,2066.072,2184.159,2261.759,2281.655,2315.276,2272.777,2374.524,2417.864,2461.981,2535.687,2713.084,2888.182,3035.368,3193.969,3097.68,3114.653,3079.216,3157.457,3218.816,3293.744,3353.7,3407.144,3461.603,3506.36
Moldova,no data,no data,no data,no data,no data,no data,no data,no data,no data,no data,no data,no data,234.094,301.781,314.424,391.709,461.882,527.434,464.845,321.541,361.613,408.198,459.305,549.02,721.561,832.419,951.784,1231.879,1697.2,1525.865,1632.78,1971.523,2046.183,2244.45,2245.533,1828.371,1907.373,2240.075,2457.26,2624.832,2776.974,2927.782,3035.007
Mongolia,no data,no data,no data,no data,no data,no data,no data,no data,no data,no data,1511.904,1554.373,847.333,413.624,491.546,759.578,693.874,600.954,564.587,523.931,555.894,612.187,664.493,748.712,919.836,1149.842,1583.689,2053.608,3039.736,2205.593,2608.309,3736.042,4328.89,4365.306,4168.836,3946.25,3659.812,3552.901,3720.66,3950.617,4141.617,4373.393,4741.038
Montenegro,no data,no data,no data,no data,no data,no data,no data,no data,no data,no data,no data,no data,no data,no data,no data,no data,no data,no data,no data,no data,1607.731,1886.707,2089.11,2776.051,3373.861,3673.416,4382.671,5965.405,7360.424,6714.912,6694.336,7325.659,6590.433,7189.15,7389.886,6464.741,6706.96,7071.36,7623.407,8011.008,8337.484,8706.414,9098.646
Morocco,1132.089,895.782,881.181,778.036,695.127,685.329,884.05,952.577,1102.828,1109.286,1248.809,1310.61,1343.358,1239.049,1369.643,1479.276,1612.853,1442.425,1519.174,1492.184,1373.92,1376.532,1453.941,1768.603,1999.125,2063.312,2242.729,2549.881,2946.926,2922.586,2896.564,3111.538,2979.738,3200.479,3259.721,2965.174,3004.221,3176.53,3368.064,3537.651,3715.36,3901.228,4100.53
Mozambique,444.797,337.264,336.635,295.418,302.875,396.187,463.218,209.547,184.504,192.13,304.385,231.543,151.715,152.109,159.082,157.934,210.628,242.999,271.933,290.316,255.35,243.134,257.603,279.204,330.198,361.492,382,423.366,502.5,475.416,429.948,524.891,589.818,604.999,619.907,528.934,392.058,417.927,486.364,511.26,540.536,573.735,649.203
Myanmar,no data,no data,no data,no data,no data,no data,no data,no data,no data,no data,no data,no data,no data,no data,no data,no data,no data,no data,164.282,213.121,221.19,159.448,165.585,254.094,254.995,287.488,345.622,477.873,704.11,770.211,996.632,1196.918,1181.923,1179.557,1275.291,1147.341,1231.804,1272.035,1395.753,1539.542,1697.021,1868.268,2048.568
Namibia,no data,no data,no data,no data,no data,no data,no data,no data,no data,2027.87,2109.532,2034.92,2070.995,1922.824,2100.279,2197.585,2126.349,2143.726,1837.305,1874.47,2139.706,1939.787,1811.249,2607.864,3440.966,3708.785,4007.733,4378.564,4198.55,4340.183,5410.977,5870.933,6038.862,5793.927,5717.763,5076.048,4708.661,5358.2,5618.729,5884.383,6156.544,6430.023,6717.11
Nauru,no data,no data,no data,no data,no data,no data,no data,no data,no data,no data,no data,no data,no data,no data,no data,no data,no data,no data,no data,no data,no data,no data,no data,no data,3122.457,3094.19,3113.76,2211.395,4185.191,4634.289,4936.669,7214.337,10005.006,10036.184,9872.939,8055.542,7823.642,8574.738,8946.02,8996.091,9165.33,9298.766,9483.161
Nepal,132.833,151.833,149.97,160.346,165.745,168.266,179.056,181.701,209.537,206.965,207.789,221.515,195.897,204.717,208.23,220.453,221.927,235.935,229.746,231.763,241.392,244.019,243.745,254.449,288.67,320.697,350.609,396.133,476.553,483.403,595.395,699.48,685.497,692.303,709.661,750.897,732.758,824.229,882.925,934.057,989.951,1048.595,1110.832
Netherlands,13393.889,11150.917,10751.918,10428.356,9669.179,9765.635,13534.001,16469.919,17500.587,17141.77,21001.574,21467.188,23577.513,22766.611,24307.215,28910.827,28708.636,26437.581,27572.804,27988.585,25996.363,26607.258,28919.204,35313.251,40008.325,41647.987,44493.248,51311.404,57197.22,52033.158,50433.312,53589.909,49501.985,51591.945,52240.3,44776.582,45657.568,48271.668,52016.18,53666.482,55248.638,56556.259,57849.14
New Zealand,7203.517,7458.186,7326.447,7022.034,6919.016,6904.399,8326.056,11123.329,13561.12,13015.691,13363.067,12394.568,11709.922,12451.878,14492.612,16783.736,18357.078,18115.341,14828.459,15280.641,13978.007,13560.44,15552.482,20304.871,24689.981,27206.073,26077.677,31784.537,31662.302,28100.19,33221.595,37988.455,39553.552,41737.58,43694.52,37300.528,38277.934,41629.329,44069.344,45834.378,47462.142,49118.917,50715.973
Nicaragua,no data,no data,no data,no data,no data,no data,no data,no data,no data,no data,no data,no data,no data,no data,854.126,897.716,916.519,917.106,951.837,981.02,1016.421,1045.954,1010.053,1015.403,1091.002,1175.114,1240.992,1344.301,1518.805,1464.251,1526.494,1682.955,1792.041,1847.201,1975.465,2095.963,2151.267,2201.073,2316.544,2441.731,2578.552,2718.968,2870.197
Niger,461.461,386.192,346.882,299.592,234.733,223.986,286.747,325.893,322.586,298.892,329.645,299.573,291.834,267.092,181.67,197.222,204.042,181.717,200.646,188.226,159.262,164.117,180.912,223.506,237.287,263.809,275.521,312.751,382.36,368.278,378.205,410.743,431.37,462.028,481.612,409.215,411.786,420.75,446.944,465.502,489.734,511.594,535.223
Nigeria,no data,no data,no data,no data,no data,no data,no data,no data,no data,no data,686.475,645.45,546.094,577.535,792.81,1273.271,1618.287,1713.375,1861.065,496.495,570.17,598.294,748.313,797.64,982.976,1245.073,1591.326,1822.793,2234.359,1958.577,2365.013,2582.57,2797.857,3042.045,3268.391,2763.196,2207.861,2092.465,2376.069,2692.285,2876.825,2901.871,2929.739
Norway,15748.327,15486.751,15197.896,14907.06,14974.233,15732.935,18858.18,22447.277,24145.36,24248.735,28188.515,28521.828,30445.406,27808.672,29227.795,34793.767,37225.39,36565.445,34720.82,36285.346,38067.181,38504.481,42975.498,49775.554,57444.592,66643.385,73930.326,84904.366,96499.702,79786.852,87309.304,100171.698,101169.347,102573.674,96643.942,74264.426,70553.114,73615.153,75340.68,76817.735,77759.688,78620.84,79407.462
Oman,4674.158,5251.796,5511.013,5363.943,5517.445,6129.262,4548.894,4488.958,4362.987,4605.052,6340.579,5937.811,6292.724,6102.734,6116.095,6355.352,6865.035,6965.271,6037.819,6605.988,8120.784,7961.283,8108.778,8565.339,9635.915,11873.272,13938.319,15436.942,21866.435,16785.076,20327.064,22699.872,23304.571,21963.052,21802.605,18485.319,16535.06,17406.011,17664.184,18263.502,18541.559,18826.422,19149.456
Pakistan,384.903,442.248,469.603,426.343,450.315,438.242,436.97,445.062,500.318,508.699,496.018,551.238,565.908,583.723,573.819,654.036,666.473,641.578,624.132,617.625,583.324,557.617,545.551,614.479,705.69,776.731,875.399,935.295,1032.658,993.401,1026.63,1212.188,1241.678,1259.566,1312.427,1424.954,1440.967,no data,no data,no data,no data,no data,no data
Palau,no data,no data,no data,no data,no data,no data,no data,no data,no data,no data,no data,no data,no data,no data,no data,no data,no data,no data,no data,no data,7728.193,8235.075,8348.193,8094.724,8813.909,9611.014,9790.858,10064.136,10358.132,10028.382,10024.866,11148.052,12329.9,13005.322,13917.02,16642.529,17175.453,17570.489,18720.399,19756.508,20550.681,21169.236,21806.409
Panama,2038.172,2252.051,2429.949,2437.808,2487.416,2573.287,2616.159,2571.627,2176.564,2137.259,2276.276,2450.196,2726.974,2916.29,3046.035,3050.717,3524.097,3731.099,3963.406,4070.418,4046.456,4029.975,4106.466,4244.176,4565.096,4886.41,5315.835,6029.794,6931.115,7387.086,7896.911,9230.782,10549.088,11648.737,12563.85,13113.709,13670.341,14409.297,15312.828,16361.804,17444.306,18474.995,19561.126
Papua New Guinea,1404.853,1342.349,1244.662,1215.43,1098.366,992.937,1057.889,1180,1592.381,1480.334,1287.934,1469.255,1573.472,1743.474,1866.89,1609.132,1668.285,1553.999,1158.158,1030.838,1025.035,877.089,850.612,1012.581,1111.442,1264.811,1403.678,1576.142,1883.501,1833.075,2158.03,2614.283,2971.305,2894.188,3002.208,2712.043,2588.935,2689.737,2784.57,2831.139,2891.08,2921.259,2805.094
Paraguay,1299.661,1608.463,1636.527,1762.992,1390.886,1154.145,1335.761,1084.695,1392.417,977.835,1185.277,1585.242,1592.055,1580.207,1681.396,1897.134,2008.188,2003.578,1778.165,1620.56,1550.954,1422.953,1153.255,1179.927,1413.95,1511.246,1811.41,2308.914,3047.44,2582.971,3199.475,3944.459,3806.712,4416.189,4638.74,4038.42,4003.281,4138.768,4332.325,4518.494,4723.08,4928.332,5137.978
Peru,1165.208,1373.516,1332.89,1012.055,1019.117,861.88,1264.141,2041.316,1580.061,1909.078,1301.889,1532.415,1565.544,1516.372,1904.883,2233.439,2281.698,2364.128,2233.585,1989.187,2023.431,2016.355,2094.815,2236.925,2488.821,2754.344,3179.679,3622.198,4242.895,4158.465,5008.68,5669.168,6280.253,6492.244,6592.323,6174.07,6203.656,6598.46,6892.217,7227.639,7579.703,7937.918,8302.343
Philippines,752.815,806.599,819.872,715.13,659.363,627.535,597.839,648.255,723.483,794.104,805.632,806.935,919.701,922.189,1062.278,1200.429,1276.661,1240.769,958.16,1077.999,1051.973,970.377,1013.424,1024.77,1093.48,1208.934,1405.206,1683.688,1940.995,1851.073,2155.409,2379.941,2591.627,2768.891,2841.908,2866.359,2926.6,3022.448,3300.868,3596.771,3919.613,4271.907,4631.641
Poland,1591.91,1494.896,1799.918,2052.913,2038.025,1896.081,1961.676,1687.804,1815.815,1768.606,1625.844,2101.345,2311.094,2347.117,2687.41,3605.161,4058.183,4067.962,4450.329,4339.597,4476.245,4978.051,5195.281,5691.335,6643.229,7974.838,8996.285,11256.831,13909.503,11454.233,12601.908,13886.735,13157.805,13776.85,14336.776,12559.406,12361.266,13429.414,15050.294,15834.728,16687.593,17557.157,18436.488
Portugal,3334.965,3304.986,3101.535,2841.631,2599.399,2716.478,3772.506,4718.593,5525.321,5967.66,7941.028,9010.203,10841.258,9530.897,9970.959,11791.395,12188.042,11598.395,12220.992,12491.233,11536.132,11739.245,12927.918,15802.943,18070.016,18817.159,19838.811,22811.56,24933.171,23122.556,22580.666,23217.343,20588.885,21625.482,22112.525,19221.872,19820.783,20575.028,21662.661,22495.16,23329.384,24030.306,24721.5
Puerto Rico,4507.15,4940.784,5146.929,5257.186,5777.438,6058.641,6495.499,6987.398,7579.339,8094.29,8675.576,9093.48,9687.443,10255.532,10942.949,11667.589,12305.024,12968.394,14430.159,15293.182,16192.127,18243.709,18972.77,19820.208,20988.989,21959.317,22935.951,23664.874,24898.335,25768.726,26435.742,27278.853,27944.742,28513.15,28981.343,29688.571,30790.105,30728.814,30586.297,30664.673,30697.247,30700.879,30779.861
Qatar,31999.31,32677.158,26613.591,21147.403,20551.617,18201.415,13677.704,13828.961,12749.102,12967.628,15446.332,14189.043,15616.953,14546.04,14894.69,16238.346,17677.59,21337.1,18633.92,21660.445,29914.266,28666.61,30748.535,35644.406,44051.659,54228.833,62920.646,69166.962,74189.292,59683.144,72953.444,96827.857,101933.117,99180.39,93054.141,67537.189,59513.907,60811.857,65158.597,68254.576,72563.366,77311.158,82665.988
Romania,2065.221,2466.043,2456.844,2138.766,1721.254,2115.458,2278.867,2534.073,2609.661,2329.567,1652.369,1249.01,853.108,1154.672,1325.482,1573.126,1575.497,1581.753,1897.422,1611.132,1669.978,1817.045,2118.572,2768.119,3541.52,4662.669,5811.44,8124.686,10160.351,8220.819,8277.343,9213.938,8542.086,9568.363,10000.584,8934.012,9493.419,10372.142,11817.37,12754.027,13599.857,14417.044,14586.88
Russian Federation,no data,no data,no data,no data,no data,no data,no data,no data,no data,no data,6723.5,5823.203,619.869,1330.054,2004.407,2271.31,2842.858,2944.467,1975.972,1432.661,1905.949,2259.023,2556.64,3197.688,4408.374,5713.361,7420.484,9753.262,12468.379,9178.45,11445.128,14326.069,15425.314,16022.652,14388.004,9521.081,8945.644,10248.238,10630.196,11082.166,11565.756,12092.101,12678.335
Rwanda,270.525,296.19,304.582,313.504,293.235,336.894,368.93,395.849,409.149,413.152,385.963,276.23,292.942,301.087,206.465,226.63,248.486,319.386,312.589,262.564,229.235,209.117,199.452,213.955,240.034,292.544,350.166,415.848,511.931,554.593,577.411,636.44,696.73,709.745,728.143,732.372,729.093,754.139,776.205,793.524,832.331,890.933,953.66
Saint Kitts and Nevis,1338.747,1609.725,1847.251,1829.835,2144.801,2405.901,2851.256,3288.904,3927.146,4392.555,4970,4913.394,5387.072,5807.473,6409.03,6820.247,7192.189,8003.32,8247.12,8648.832,9223.928,9966.614,10283.095,9760.384,10378.359,11053.698,12770.846,13355.959,14462.697,13983.972,13466.828,14212.347,13689.892,14514.722,15429.859,15765.53,15991.469,16490.507,17210.183,17922.4,18639.491,19324.051,20035.761
Saint Lucia,1289.921,1448.855,1343.491,1425.144,1790.126,1994.652,2334.374,2543.119,2857.783,3178.999,3687.27,3855.113,4167.85,4202.004,4312.926,4512.772,4586.512,4599.403,4930.032,5117.932,5145.502,4930.401,4948.817,5414.845,5762.67,6067.239,6816.6,7588.864,7527.786,7667.116,8336.661,8590.065,8496.014,8726.047,9009.44,9513.907,9600.72,9780.167,10072.018,10380.115,10620.666,10863.894,11121.555
Saint Vincent and the Grenadines,843.533,1037.522,1146.977,1222.857,1339.866,1433.747,1570.863,1701.149,1929.347,2047.706,2274.42,2392.789,2610.526,2689.605,2719.644,2969.99,3116.21,3270.011,3513.884,3675.552,3728.551,4047.314,4327.554,4494.099,4847.173,5091.592,5623.323,5973.546,6366.698,6172.788,6224.215,6171.478,6318.543,6569.786,6617.944,6865.646,6991.78,7395.661,7706.616,8056.957,8412.102,8787.205,9163.192
Samoa,no data,no data,no data,no data,no data,no data,no data,no data,no data,no data,no data,no data,no data,no data,no data,no data,no data,no data,1613.013,1469.932,1511.677,1516.881,1595.803,1876.744,2280.71,2633.305,2775.164,3038.858,3634.995,3170.109,3430.856,3939.695,4233.328,4219.066,4178.979,4147.726,4024.46,4283.064,4386.172,4500.372,4635.41,4772.305,4921.672
San Marino,no data,no data,no data,no data,no data,no data,no data,no data,no data,no data,no data,no data,no data,no data,no data,no data,no data,no data,no data,no data,no data,no data,no data,no data,no data,no data,no data,no data,84866.189,71851.436,64631.162,61595.493,53682.262,55623.088,54768.339,46185.015,46433.215,47302.145,49419.923,50541.302,51616.376,52438.779,53232.504
Saudi Arabia,17655.143,18832.057,14912.742,11972.192,10558.766,8732.74,6955.053,6524.159,6398.839,6583.29,7734.975,8280.176,8077.765,7686.005,7626.36,7893.422,8527.666,8706.354,7525.303,8092.7,9256.541,8778.391,8822.507,9800.529,11467.097,14068.219,15603.985,16666.626,20157.298,16094.678,19112.694,23654.865,25208.162,24892.99,24580.472,21094.592,20364.999,20957.21,21453.061,21764.39,22148.086,22636.655,22763.824
Senegal,620.18,547.439,521.174,451.829,427.953,454.857,624.313,728.6,699.076,668.777,755.992,722.347,751.486,689.674,457.483,560.135,566.684,509.895,538.859,535.573,475.969,482.486,515.186,643.88,733.28,773.994,809.034,949.864,1098.852,1017.737,999.294,1077.191,1032.986,1045.908,1044.91,903.631,943.326,998.201,1079.8,1144.729,1210.153,1274.596,1333.112
Serbia,no data,no data,no data,no data,no data,no data,no data,no data,no data,no data,no data,no data,no data,no data,no data,no data,no data,2925.927,2300.699,1507.679,1238.888,1640.945,2156.887,2836.54,3315.331,3504.295,4145.034,5486.489,6688.951,5820.469,5353.561,6424.028,5656.261,6351.684,6199.12,5237.254,5347.607,5599.613,6052.239,6470.94,6961.17,7469.278,8011.786
Seychelles,2326.824,2392.247,2296.719,2280.452,2338.076,2588.553,3165.945,3638.988,4128.118,4407.201,5302.844,5314.655,6128.346,6559.088,6555.429,6748.825,6583.091,7280.929,7715.784,7747.491,7578.829,7663.083,8431.923,8524.935,10176.659,11093.314,12014.418,12155.702,11480.433,9707.265,10805.099,11647.017,11999.897,14762.223,14701.368,14782.718,15234,15658.062,16312.56,17116.339,17943.981,18871.808,19743.963
Sierra Leone,511.001,534.594,588.76,500.104,575.332,480.032,351.651,299.783,481.128,431.779,234.503,280.821,246.118,281.104,336.743,324.087,350.591,315.712,247.657,242.365,227.305,252.367,278.186,292.814,291.951,322.093,356.824,398.598,453.958,435.01,448.198,501.655,635.889,805.265,803.361,672.891,577.133,593.903,616.842,648.236,688.89,735.373,786.392
Singapore,5003.793,5678.783,6003.197,6712.848,7156.011,6782.808,6864.402,7788.302,9316.091,10711.19,12766.104,14504.262,16135.925,18301.553,21577.839,24936.399,26262.699,26387.393,21825.948,21796.631,23793.284,21577.492,22016.985,23574.032,27404.197,29870.333,33579.421,39223.538,39722.148,38577.168,46569.395,53167.695,54432.198,56028.795,56338.295,53628.762,52960.558,53880.128,55231.38,56679.156,58229.043,59877.038,61623.933
Slovak Republic,no data,no data,no data,no data,no data,no data,no data,no data,no data,no data,no data,no data,no data,2561.138,2938.648,3696.547,3989.983,4069.762,4232.73,3864.179,3832.551,3976.091,4620.684,6330.039,8027.21,9129.071,10683.494,14349.919,18048.518,16567.18,16634.711,18223.682,17294.62,18205.883,18633.719,16105.146,16498.533,17491.098,19128.148,20239.37,21330.877,22386.105,23451.584
Slovenia,no data,no data,no data,no data,no data,no data,no data,no data,no data,no data,no data,no data,9603.574,8326.915,8436.809,10708.503,10798.914,10557.771,11157.679,11497.619,10286.019,10501.86,11837.077,14905.978,17282.618,18222.58,19777.132,23959.166,27784.009,24785.048,23499.587,25040.519,22563.157,23378.09,24251.424,20890.303,21668.088,23276.502,25329.747,26480.793,27488.652,28435.113,29402.11
Solomon Islands,767.971,786.877,757.961,689.407,669.398,592.013,512.757,523.77,579.556,552.165,667.386,687.074,789.67,858.033,1057.21,1195.439,1279.776,1303.398,1083.907,1116.023,923.443,897.552,744.05,704.085,793.967,915.158,980.042,1048.642,1207.902,1160.785,1293.864,1733.71,1935.74,2010.288,2042.088,1971.553,2053.167,2074.15,2187.815,2272.884,2362.968,2462.604,2570.228
South Africa,2853.526,2865.01,2561.74,2783.1,2400.34,1792.065,2003.023,2570.271,2704.735,2753.513,3140.342,3289.043,3481.424,3390.848,3446.835,3752.377,3499.202,3555.708,3159.393,3087.271,3039.041,2667.886,2520.592,3772.063,4868.694,5412.938,5638.677,6123.957,5802.368,5926.401,7380.612,8083.126,7574.425,6907.234,6512.759,5800.328,5302.043,6089.224,6291.715,6417.943,6576.582,6717.634,6859.74
"South Sudan, Republic of",no data,no data,no data,no data,no data,no data,no data,no data,no data,no data,no data,no data,no data,no data,no data,no data,no data,no data,no data,no data,no data,no data,no data,no data,no data,no data,no data,no data,no data,no data,no data,1736.429,1084.797,1372.93,1326.349,1049.773,244.468,221.908,223.46,212.541,214.746,230.324,231.68
Spain,6112.881,5368.609,5158.755,4490.713,4460.603,4683.157,6461.294,8167.057,9574.946,10540.022,13649.992,14665.325,15974.757,13376.493,13386.456,15436.956,16057.376,14747.59,15420.702,15774.821,14724.646,15368.514,17083.096,21532.45,24988.982,26550.341,28531.246,32748.087,35724.769,32412.231,30802.845,31867.783,28582.172,29236.041,29663.941,25717.563,26565.15,28212.461,30689.486,32023.786,33241.817,34304.619,35399.619
Sri Lanka,344.064,353.229,376.604,401.85,466.031,456.508,484.428,499.475,516.863,513.625,582.032,630.274,672.009,709.093,805.992,846.906,917.734,1010.51,1027.582,1017.776,1048.948,993.476,1030.393,1124.232,1216.603,1424.392,1636.504,1858.804,2320.278,2376.826,2779.737,3177.479,3311.994,3576.202,3784.45,3769.526,3788.758,3905.6,4049.347,4336.12,4650.456,4986.481,5340.456
Sudan,530.086,369.485,261.072,346.758,408.275,275.636,357.726,562.608,440.593,758.145,94.93,103.742,123.539,203.045,224.182,260.746,318.884,402.129,379.477,351.18,394.105,413.236,452.679,525.156,622.413,751.375,989.028,1235.145,1430.172,1358.61,1635.071,2058.095,1787.085,1811.406,1906.199,2118.984,2304.109,2917.395,3458.778,3998.931,4567.252,5219.528,5923.837
Suriname,no data,no data,no data,no data,no data,no data,no data,no data,no data,no data,1320.196,1434.456,1313.625,1020.848,1133.128,2120.745,2605.667,2750.695,3264.332,2649.744,2712.6,2301.928,2872.138,3335.527,3789.587,4483.534,5208.555,5758.066,6832.947,7394.097,8224.066,8190.699,9194.151,9412.643,9501.109,8767.97,6429.628,6415.721,6922.947,7472.381,7660.521,7818.441,8035.467
Swaziland,2097.981,2041.205,1892.921,1993.501,1626.444,1121.543,1160.748,1484.255,1435.16,1389.487,1579.462,1614.378,1760.625,1769.749,1887.694,2243.968,2092.057,2186.436,1975.231,1913.86,1872.639,1651.67,1511.88,2308.429,2894.585,3255.344,3321.591,3456.578,3254.282,3498.338,4267.041,4572.426,4404.122,4046.013,3890.364,3511.761,3343.139,3513.224,3458.892,3443.183,3471.142,3519.719,3565.389
Sweden,16612.823,15156.848,13376.536,12288.028,12781.744,13348.517,17576.313,21284.589,23953.873,24988.641,29794.082,31082.056,32163.773,24011.351,25646.923,29882.778,32577.733,29896.152,30135.41,30552.044,29251.962,26933.816,29520.926,36889.585,42362.216,42998.836,46088.536,53122.332,55525.761,45998.35,51869.158,59381.87,56915.732,60005.201,58869.07,50319.105,51124.76,53248.143,57782.82,59852.577,61934.65,64069.907,66336.658
Switzerland,18869.568,17196.425,17511.362,17361.292,16534.584,16702.516,23824.84,29653.29,31886.575,30552.462,38665.804,38665.254,39702.904,38246.652,42003.23,48838.991,46768.247,40471.896,41551.801,40667.43,38007.263,38721.83,41561.877,48296.843,53465.441,55129.626,57798.641,63951.284,73111.782,70495.298,74907.679,88905.153,83946.279,85670.722,87132.559,82441.508,80345.623,80836.658,83264.182,84665.284,85996.711,87187.578,88357.076
Syria,1421.836,1763.344,1784.577,1849.427,1839.915,1965.139,2284.039,2823.157,1389.823,800.859,967.145,972.175,983.575,995.061,1060.707,1133.162,1186.162,1080.812,1028.169,1043.174,1202.891,1236.897,1305.087,1208.885,1361.499,1510.392,1726.028,2016.052,2557.211,2557.267,2806.685,no data,no data,no data,no data,no data,no data,no data,no data,no data,no data,no data,no data
São Tomé and Príncipe,773.85,931.011,876.128,800.45,812.985,837.601,1143.388,1120.792,922.926,891.971,1050.332,920.765,790.824,1033.018,1058.931,820.617,261.65,351.128,398.575,408.704,415.999,509.442,562.726,665.281,714.975,842.136,881.638,906.449,1117.491,1084.167,1107.873,1273.159,1342.707,1569.619,1760.966,1566.696,1688.935,1749.484,1876.275,1987.046,2105.088,2166.615,2275.849
Taiwan Province of China,2367.425,2692.413,2675.823,2882.402,3203.468,3295.112,4010.111,5325.216,6337.499,7577.046,8178.152,9092.114,10725.702,11200.814,12108.752,13076.007,13596.988,13968.097,12787.258,13768.274,14876.879,13399.467,13715.488,14084.046,15355.67,16503.313,16984.54,17780.925,18102.946,16959.775,19261.667,20911.643,21269.614,21887.992,22638.917,22358.015,22496.997,24226.794,24889.46,25539.139,26346.375,27125.924,27781.188
Tajikistan,no data,no data,no data,no data,no data,no data,no data,no data,no data,no data,no data,no data,52.622,121.645,147.923,100.448,183.374,192.58,222.282,177.369,158.555,165.767,186.259,234.147,305.766,333.908,397.991,514.47,696.342,661.001,740.733,836.173,953.315,1046.066,1113.24,926.877,799.826,818.629,790.67,825.817,860.336,896.205,932.54
Tanzania,398.213,462.384,515.824,513.729,454.85,399.694,492.451,236.583,221.861,181.658,138.792,157.932,140.479,125.671,129.715,147.749,179.54,211.07,303.01,363.109,378.494,378.881,383.7,399.475,425.476,450.395,481.665,541.793,671.868,683.856,725.765,765.333,869.991,969.148,1032.343,956.906,979.845,1040.505,1118.254,1195.086,1275.605,1359.651,1448.191
Thailand,718.751,751.856,773.787,835.332,853.682,775.776,840.475,969.076,1159.092,1349.927,1571.257,1777.473,1999.967,2218.556,2494.739,2846.444,3046.665,2475.095,1855.12,2048.054,2028.077,1912.28,2115.383,2377.545,2676.296,2905.795,3378.831,3978.301,4379.527,4207.583,5065.376,5482.397,5850.301,6157.36,5921.087,5799.19,5901.747,6336.34,6744.838,7193.977,7605.917,8016.26,7555.174
Timor-Leste,no data,no data,no data,no data,no data,no data,no data,no data,no data,no data,no data,no data,no data,no data,no data,no data,no data,no data,no data,no data,470.857,517.784,501.275,512.668,1091.413,1786.906,2667.75,2690.432,4059.974,3041.228,3782.802,5268.467,6048.544,4998.14,3491.911,2618.527,2229.985,2189.951,2240.113,2254.701,2297.761,2378.366,2514.305
Togo,439.652,354.44,257.257,238.239,202.958,213.886,324.751,370.372,435.597,415.661,488.069,471.648,484.914,362.494,274.942,353.986,375.579,370.115,338.548,328.718,270.905,270.716,293.186,324.424,366.91,391.537,401.574,429.018,524.44,509.861,497.408,572.551,580.816,623.759,648.186,569.764,590.454,621.831,674.725,707.922,743.418,776.737,814.388
Tonga,802.903,886.55,878.894,853.099,890.429,836.907,999.884,1081.019,1264.565,1523.205,1578.512,1816.713,1868.532,1944.448,2103.954,2199.634,2410.489,2254.233,2012.456,2035.946,1965.571,1775.167,1908.075,2108.806,2454.269,2788.968,2889.027,3142.198,3337.897,3295.282,3792.744,4416.937,4442.354,4303.082,4296.652,3955.504,3956.784,4176.705,4163.955,4357.461,4539.314,4697.905,4838.625
Trinidad and Tobago,5745.642,6341.82,7264.161,6818.353,6711.98,6299.239,4049.11,4014.037,3732.152,3562.085,4147.683,4315.7,4395.648,3752.374,3956.745,4246.372,4577.027,4551.354,4786.925,5382.468,6430.958,6935.687,7049.629,8804.519,10290.539,12323.22,14096.023,16530.033,21187.982,14508.771,16683.987,19053.963,19152.15,19607.86,19325.402,17321.772,15458.762,14784.095,15076.56,15554.665,16158.242,16783.011,17443.239
Tunisia,1497.079,1403.853,1322.492,1335.558,1299.081,1284.111,1324.939,1395.643,1425.118,1399.414,1652.377,1707.369,1999.788,1859.909,1940.878,2194.124,2341.555,2251.425,2336.042,2426.346,2247.944,2286.487,2373.779,2790.098,3139.619,3217.886,3394.251,3805.33,4341.208,4178.686,4176.927,4291.802,4179.909,4248.66,4328.634,3884.354,3748.703,3517.517,3428.771,3565.096,3728.28,3903.894,4094.664
Turkey,2168.666,2148.836,1901.376,1712.832,1627.694,1787.257,1928.024,2192.708,2346.711,2730.183,3747.082,3686.18,3817.294,4259.482,3024.163,3877.104,4095.582,4220.595,4387.308,4019.001,4218.859,3053.282,3589.386,4642.902,5952.828,7277.942,7898.993,9562.904,10691.747,8881.723,10475.569,11140.912,11552.634,12395.391,12022.195,10914.879,10817.406,10434.023,11124.697,11706.893,12282.232,12841.726,13408.734
Turkmenistan,no data,no data,no data,no data,no data,no data,no data,no data,no data,no data,no data,no data,240.542,1343.409,1108.937,1402.545,557.51,618.346,651.124,866.879,1115.674,1523.248,1891.234,2457.861,3022.467,3617.172,4455.431,5343.86,4375.456,4059.96,4479.012,5724.542,6797.734,7480.345,8191.354,6690.38,6622.405,7522.07,8273.359,9045.429,9904.5,10876.295,11965.433
Tuvalu,no data,no data,no data,no data,no data,no data,no data,no data,no data,no data,no data,no data,no data,no data,no data,no data,no data,no data,no data,no data,no data,no data,1661.606,1946.485,2255.915,2229.484,2324.758,2713.056,3053.405,2683.967,3059.159,3687.994,3541.906,3499.048,3459.462,3280.974,3375.481,3618.948,3746.614,3869.186,3989.494,4114.901,4241.144
Uganda,512.2,804.731,541.848,601.022,447.813,396.289,381.127,592.632,591.643,462.395,363.928,183.801,166.503,190.45,266.865,309.747,309.377,326.722,310.18,285.563,273.964,268.065,278.964,278.825,331.993,372.282,406.739,488.914,604.626,628.759,662.223,669.297,752.877,770.183,810.64,710.25,692.191,700.525,730.45,769.005,833.444,847.98,917.735
Ukraine,no data,no data,no data,no data,no data,no data,no data,no data,no data,no data,no data,no data,427.863,677.261,740.97,752.339,914.348,1037.893,874.265,664.99,664.376,814.851,919.141,1096.291,1427.279,1909.798,2407.9,3219.884,4095.441,2654.986,2982.814,3589.632,3872.534,3968.797,3095.05,2135.182,2198.835,2458.594,2597.175,2818.218,3049.907,3319.255,3594.879
United Arab Emirates,40014.582,40910.917,35767.654,31690.067,29017.094,27035.998,20533.019,21644.071,18435.195,20478.526,26621.511,25847.406,25960.965,25654.369,25762.53,26394.423,29058.859,29523.485,25897.653,27321.043,34688.979,32621.292,32790.711,35017.312,39304.507,43988.667,44313.586,41472.286,39074.838,30920.447,35075.52,41223.204,42749.513,43232.834,43346.531,37361.172,35383.919,37346.114,38436.084,39342.313,40254.566,41182.093,42034.929
United Kingdom,10671.698,10357.579,9848.571,9381.756,8872.743,9446.621,11491.768,14213.449,17267.426,17508.919,20668.039,21502.564,22119.104,19738.698,21098.89,22759.463,23974.94,26366.878,27769.023,28159.952,27828.377,27296.666,29654.24,34049.76,39871.029,41566.628,44095.768,49973.917,46890.219,38180.568,38737.56,41259.503,41683.665,42452.948,46478.84,43976.416,40049.779,38846.794,40026.48,40800.481,41624.107,42486.189,43411.934
United States,12575.568,13965.773,14410.163,15531.182,17099.348,18231.826,19078.408,20062.657,21442.13,22879.184,23913.764,24365.623,25466.828,26441.648,27755.764,28762.676,30047.314,31553.622,32929.038,34601.722,36432.514,37241.347,38113.892,39591.865,41838.455,44218.306,46351.667,47954.532,48302.283,46909.422,48310.335,49733.884,51403.389,52741.728,54668.078,56436.714,57607.613,59495.336,61687.41,63809.637,65895.68,67990.417,70028.818
Uruguay,3810.865,4224.261,3431.162,1871.395,1768.228,1716.873,2119.542,2637.021,2712.191,2842.578,3289.118,3940.854,4501.823,5213.029,6015.243,6601.537,6974.809,7295.989,7667.105,7193.466,6817.363,6238.214,4073.418,3614.627,4102.584,5189.889,5842.813,6984.815,9029.327,9372.485,11859.898,14054.33,14961.681,16723.447,16572.362,15365.956,15062.145,17252.216,18772.113,19765.596,20829.129,21901.418,23027.666
Uzbekistan,no data,no data,no data,no data,no data,no data,no data,no data,no data,no data,no data,no data,167.182,251.774,292.666,448.126,601.909,616.106,616.901,693.22,550.72,461.374,378.367,392.554,461.222,543.851,638.558,823.976,1038.94,1195.021,1367.125,1560.742,1720.755,1890.466,2064.408,2111.743,2132.711,2128.21,2118.38,2222.459,2331.651,2446.208,2566.393
Vanuatu,1053.849,956.137,930.89,931.689,1111.403,976.747,918.675,989.126,1092.048,1054.904,1141.043,1333.385,1357.696,1277.011,1422.849,1479.565,1511.705,1537.62,1441.112,1435.664,1424.567,1320.599,1314.46,1538.104,1745.051,1845.775,2007.23,2350.978,2653.996,2606.785,2923.25,3230.035,3115.769,3123.977,3103.891,2908.644,2937.915,2976.162,3109.517,3237.947,3354.2,3474.627,3599.378
Venezuela,4671.078,5085.58,5041.589,4883.234,3447.45,3472.186,3488.564,2619.24,3292.792,2378.158,2492.939,2685.293,2968.496,2876.077,2741.979,3559.77,3174.631,3777.785,3973.415,4121.578,4823.961,4965.408,3790.656,3265.553,4309.504,5418.439,6609.949,8133.306,10464.263,8442.837,10316.832,11541.876,11287.303,7869.442,7029.892,7922.703,7620.163,6850.121,6528.463,5736.826,5905.865,5164.273,4821.911
Vietnam,513.965,250.859,326.329,482.44,822.549,251.202,556.019,674.88,365.892,97.158,98.032,113.654,144.149,189.261,230.314,288.874,337.524,361.908,360.925,374.722,401.567,413.342,440.209,489.034,603.668,699.682,796.928,920.463,1154.493,1181.448,1297.226,1532.311,1751.678,1900.243,2048.95,2087.531,2171.831,2306.227,2481.503,2677.309,2881.448,3096.753,3329.182
Yemen,no data,no data,no data,no data,no data,no data,no data,no data,no data,no data,1046.183,1158.438,1351.436,1558.429,1919.182,840.832,411.266,418.526,374.911,439.292,539.641,532.421,560.031,597.771,682.148,797.704,881.648,971.326,1171.169,1060.926,1266.787,1302.302,1367.715,1515.946,1574.246,1334.124,937.712,856.409,830.37,905.317,927.587,928.049,944.244
Zambia,718.795,718.743,672.013,562.441,448.532,412.851,276.151,332.268,543.316,561.832,509.752,446.778,424.949,405.587,405.544,410.542,378.71,440.701,352.627,330.283,340.164,376.986,376.468,429.01,530.54,691.785,1030.282,1103.452,1365.692,1134.758,1456.162,1635.546,1724.732,1839.533,1727.026,1310.354,1256.92,1483.69,1537.602,1541.525,1563.468,1607.059,1663.679
Zimbabwe,no data,no data,no data,no data,no data,no data,no data,no data,no data,no data,897.213,810.42,648.024,608.025,618.059,620.707,735.645,762.778,921.019,896.802,866.918,857.359,822.165,728.106,718.995,682.588,607.636,580.856,492.926,684.121,815.791,968.876,1076.343,1133.569,1149.243,1137.067,1111.883,1149.72,1238.542,1315.628,1334.288,1348.134,1353.045
Africa (Region),no data,no data,no data,no data,no data,no data,no data,no data,no data,no data,1008.159,896.39,867.628,851.12,816.275,947.463,1033.508,1049.387,1037.026,829.166,832.701,785.252,778.165,908.488,1064.233,1217.931,1377.319,1575.281,1802.506,1689.452,1932.051,2094.268,2183.718,2204.218,2218.136,1982.468,1853.75,1877.951,2008.262,2139.033,2249.937,2347.779,2453.873
Asia and Pacific,951.363,1000.178,954.853,993.972,1034.314,1041.866,1296.237,1505.13,1768.073,1815.001,1861.328,2017.283,2128.279,2367.535,2527.793,2831.693,2723.129,2584.508,2278.179,2495.113,2639.557,2433.035,2454.724,2708.908,3020.883,3231.05,3422.708,3870.359,4342.403,4424.346,5117.359,5816.815,6117.127,6144.738,6305.622,6202.725,6354.012,6614.603,7051.732,7474.276,7926.889,8411.718,8907.815
Australia and New Zealand,10352.607,11661.649,11401.868,10818.694,11618.585,10284.53,10759.472,12692.884,15811.744,17337.73,17950.967,17620.187,17041.494,16627.147,18851.595,20250.489,22390.217,22209.277,19431.509,20670.32,19701.532,18454.265,20621.744,26074.674,31415.714,34653.139,35903.036,42914.301,46305.362,42709.504,52547.907,62070.166,63440.188,61031.155,58402.218,48962.96,49544.034,53770.202,56522.882,58751.441,60407.279,62324.47,64200.646
Caribbean,1443.511,1567.244,1625.84,1600.866,1884.295,1373.422,1349.123,1328.391,1282.789,1375.09,1420.183,1487.583,1546.335,1630.043,1774.873,1986.088,2109.601,2259.667,2398.951,2487.875,2639.067,2692.14,2780.947,2569.576,2750.107,3539.641,3781.73,4278.744,4730.891,4237.271,4580.748,4910.549,5024.155,5065.473,5142.915,5135.07,5106.852,5199.091,5419.555,5654.034,5902.95,6163.732,6434.332
Central America,1189.205,1107.63,1113.445,1139.973,1142.926,1230.545,1036.668,1080.774,1093.456,1185.758,1107.595,1247.924,1385.797,1491.142,1493.792,1620.422,1686.674,1801.389,1914.792,1904.322,1968.034,2040.443,2107.071,2170.909,2305.724,2491.635,2716.503,3032.783,3385.283,3339.925,3647.238,4090.933,4368.473,4588,4806.969,5067.206,5236.189,5381.075,5590.937,5859.288,6140.409,6427.708,6726.27
Central Asia and the Caucasus,2168.666,2148.836,1901.376,1712.832,1627.694,1787.257,1928.024,2192.708,2346.711,2730.183,3747.082,no data,1898.353,2196.173,1629.615,2125.571,2293.814,2382.344,2471.834,2276.603,2375.877,no data,1868.19,2367.858,3026.389,3723.212,4213.321,5187.924,5919.273,5040.21,5969.755,6627.742,6942.944,7482.437,7285.053,6424.044,6010.564,5914.023,6300.283,6663.434,7032.861,7398.913,7787.541
East Asia,1315.362,1396.286,1309.136,1403.46,1470.075,1526.722,2058.2,2439.959,2939.261,3000.543,3015.828,3382.389,3692.84,4203.357,4523.559,5078.996,4737.863,4462.823,4060.251,4513.632,4867.568,4488.301,4478.408,4854.877,5350.332,5623.446,5845.602,6426.813,7342.666,7685.047,8731.575,10028.391,10713.062,10748.588,11162.405,11242.664,11563.073,12019.513,12861.566,13641.311,14485.767,15374.89,16312.843
Eastern Europe ,1902.616,2003.6,2153.702,2157.887,2047.309,2042.342,2122.635,2143.577,2457.835,no data,no data,no data,1030.984,1449.389,1902.344,2340.129,2707.64,2773.984,2431.918,2097.802,2296.951,2611.608,2967.286,3638.742,4646.818,5710.381,6946.333,8993.151,11264.634,8812.219,9999.015,11851.589,12082.41,12650.821,12017.577,9037.326,8855.212,9844.375,10587.381,11139.936,11712.054,12303.138,12887.478
Europe,8948.306,8017.263,7738.696,7519.623,7207.271,7453.836,10016.392,12271.769,13683.052,no data,no data,no data,13233.465,12125.74,13023.642,14754.608,15112.458,14198.737,14433.635,14290.72,13442.812,13656.667,14943.544,18139.291,21044.67,22271.06,24016.278,27955.93,30646.546,26850.961,27234.301,29911.601,28608.039,29737.96,30240.628,25867.584,25769.347,26961.18,28810.31,29856.635,30895.249,31861.927,32839.999
Middle East (Region),5503.755,5795.451,5439.61,5290.409,5053.641,4896.892,4791.272,5617.106,5807.361,6359.948,7767.333,5369.581,3368.736,3487.117,3764.036,4123.993,4635.178,4899.155,4757.02,5404.589,6532.143,6097.236,4689.725,4496.361,5254.659,6252.967,7180.801,8256.661,10009.966,8632.411,9951.478,13034.822,12686.4,12950.623,12875.592,10952.154,10714.49,11232.008,11356.718,11688.832,12067.342,12470.201,12857.287
North Africa,1549.188,1444.559,1456.743,1485.161,1497.135,1613.875,1625.82,1832.906,1883.454,2072.044,2056.218,1521.048,1514.394,1489.374,1454.491,1572.951,1711.822,1729.668,1748.66,1818.565,1879.955,1808.391,1638.975,1790.644,1987.021,2270.357,2552.261,2962.192,3513.285,3259.154,3654.824,3769.125,4183.148,4049.713,3965.859,3656.525,3591.98,3197.205,3326.723,3541.821,3726.103,3966.195,4228.685
North America,10387.44,11602.436,11652.405,12353.637,13529.407,14326.201,14712.661,15530.383,16733.796,17927.774,18691.976,19145.074,19944.209,20761.373,21684.442,21980.317,22997.166,24246.96,25166.636,26558.387,28177.668,28800.41,29445.346,30617.022,32520.786,34631.851,36571.018,38087.868,38550.706,36676.413,38396.589,39894.33,41023.992,42018.567,43183.155,43476.865,43911.05,45501.538,47338.35,48954.467,50530.261,52127.374,53690.253
Pacific Islands ,1418.474,1374.754,1283.339,1233.172,1160.707,1059.642,1132.208,1207.198,1492.821,1425,1316.841,1467.545,1576.614,1721.845,1863.415,1700.995,1777.969,1680.45,1294.814,1237.722,1178.957,1053.268,1050.297,1247.347,1397.792,1567.266,1689.802,1877.097,2168.6,2025.517,2330.214,2789.178,3096.405,3056.549,3165.368,2904.751,2836.982,2956.261,3068.25,3143.028,3229.324,3290.442,3231.543
South America,2421.554,2384.243,1987.654,1820.926,1745.863,1900.16,2102.615,2189.186,2392.381,2586.263,2789.817,2801.987,2938.57,3124.891,3665.668,4523.744,4698.065,4920.306,4786.364,3800.458,3958.085,3586.06,2796.984,2972.094,3559.582,4488.902,5387.035,6586.666,7893.849,7478.596,9514.253,11119.723,10960.116,10831,10504.221,8751.163,8423.887,9304.013,9618.553,10003.431,10431.93,10800.033,11220.654
South Asia,284.822,292.761,295.947,308.033,302.037,318.632,329.639,357.418,374.253,371.818,390.658,345.131,357.507,347.691,386.493,420.51,444.974,457.448,454.417,477.568,475.017,477.785,494,567.144,646.862,728.169,814.013,1013.454,1017.459,1100.831,1325.384,1414.617,1412.471,1432.007,1546.481,1588.539,1687.521,1797.112,1925.922,2083.738,2255.507,2445.794,2655.239
Southeast Asia,751.213,752.444,780.521,778.258,852.707,731.61,729.123,767.857,798.074,844.54,942.143,1039.037,1159.022,1277.155,1433.327,1638.312,1786.603,1665.584,1011.643,1175.05,1235.789,1170.036,1289.301,1435.74,1595.218,1756.71,2079.301,2451.95,2825.11,2749.083,3367.873,3847.639,4014.844,4094.685,4065.415,3880.138,4002.281,4216.092,4500.459,4811.686,5160.901,5566.454,5888.677
Sub-Saharan Africa (Region) ,no data,no data,no data,no data,no data,no data,no data,no data,no data,no data,767.324,754.039,722.362,709.07,675.202,809.909,885.394,901.947,883.914,617.972,611.314,570.964,599.481,727.788,876.904,1006.175,1143.074,1301.479,1466.988,1383.648,1598.363,1772.732,1802.455,1853.914,1888.581,1668.347,1531.279,1634.976,1767.17,1884.411,1983.92,2058.285,2138.823
Western Europe,10497.878,9343.832,8976.054,8715.418,8363.115,8669.772,11793.792,14555.63,16209.753,16418.868,20241.578,21407.579,23168.271,20966.873,22182.155,25371.356,25783.203,24202.934,24879.398,24841.417,23025.529,23072.818,25045.129,30253.624,34624.86,35851.958,37899.291,43251.403,46141.151,41184.751,40850.232,44087.195,41517.501,43027.487,44238.648,38719.482,38601.741,39888.042,42511.121,43867.242,45193.06,46376.787,47581.376
Western Hemisphere (Region),6673.939,7294.255,7142.069,7428.515,8007.51,8464.377,8721.115,9164.852,9856.95,10546.524,10996.146,11226.742,11690.687,12186.079,12807.593,13309.837,13869.587,14595.108,14998.386,15275.656,16146.085,16285.983,16263.879,16904.963,18101.166,19565.813,20918.356,22199.219,22999.314,21850.273,23576.805,25019.204,25509.676,25938.416,26370.147,25755.888,25816.833,26969.623,28005.148,28963.611,29921.54,30863.286,31811.093
ASEAN-5,719.477,717.088,742.186,731.697,801.55,667.869,690.357,725.541,747.144,782.512,863.378,945.978,1054.334,1159.415,1292.832,1473.155,1612.197,1481.873,931.055,1113.659,1161.293,1109.624,1242.057,1389.756,1533.164,1683.247,2000.286,2348.599,2722.611,2642.842,3242.52,3687.48,3855.854,3928.631,3882.99,3715.383,3851.721,4077.193,4372.472,4694.125,5056.833,5480.992,5808.834
Advanced economies,10252.983,10335.705,10194.699,10538.278,10958.776,11495.05,13941.633,16097.597,18061.893,18734.48,20859.479,22074.603,23431.571,23270.591,24822.538,26906.803,26931.463,26266.534,26203.314,27409.68,27728.162,27269.661,28289.331,31543.309,34780.123,36369.511,37978.167,41183.209,43141.139,40452.534,41994.261,44819.789,44432.32,44554.052,45364.112,42681.885,43575.658,45066.228,47300.401,48905.027,50408.473,51891.253,53380.983
Commonwealth of Independent States,no data,no data,no data,no data,no data,no data,no data,no data,no data,no data,no data,no data,494.955,950.804,1349.366,1516.521,1887.114,1971.572,1436.802,1089.644,1340.53,1563.68,1755.045,2170.11,2945.679,3818.212,4949.127,6493.59,8250.645,6185.135,7588.869,9409.139,10110.214,10589.968,9656.492,6680.059,6125.484,6934.216,7215.72,7560.807,7928.525,8335.364,8784.284
Emerging and Developing Asia,359.289,350.968,350.897,364.291,373.793,359.829,359.771,385.712,425.561,446.841,441.655,437.588,487.449,543.66,558.153,657.364,733.135,750.597,675.763,732.778,776.319,808.719,876.396,989.431,1134.397,1296.189,1521.793,1907.783,2276.027,2448.969,2921.969,3449.029,3764.831,4073.848,4355.829,4512.305,4555.093,4809.46,5214.941,5619.389,6081.422,6572.798,7072.127
Emerging and Developing Europe,1997.463,2055.898,2061.671,1990.287,1887.54,1944.142,2046.891,2162.91,2414.585,2516.992,2614.829,2533.257,2634.671,2872.871,2594.783,3318.04,3459.282,3493.771,3716.37,3475.35,3535.952,3302.547,3760.663,4619.505,5687.568,6792.149,7544.487,9394.41,11041.829,9231.43,10128.696,11016.677,10787.984,11531.259,11579.674,10330.619,10373.013,10635.464,11619.476,12260,12902.698,13531.193,14103.908
Emerging market and developing economies,863.504,883.376,819.12,791.127,775.856,774.351,776.385,840.15,909.402,976.482,1255.574,1147.289,941.585,1046.499,1114.069,1260.457,1383.43,1444.056,1358.096,1295.863,1398.632,1385.605,1354.68,1503.577,1765.483,2084.02,2435.87,2960.039,3510.282,3311.637,3931.534,4588.62,4788.088,5014.586,5110.203,4768.712,4686.678,4960.642,5290.393,5617.571,5977.462,6348.902,6728.618
Euro area,no data,no data,no data,no data,no data,no data,no data,no data,no data,no data,no data,19661.856,21590.358,19529.714,20563.416,24211.053,24526.544,21968.487,22309.056,22309.553,20283.564,20498.091,22266.842,27280.958,31109.171,32119.358,33913.771,38906.286,42566.686,38683.797,37781.65,40748.982,37711.307,39257.033,39977.933,34411.328,35078.457,36780.519,39569.349,40974.649,42342.812,43527.719,44915.733
European Union,8788.688,7855.594,7567.469,7347.978,7037.912,7282.828,9790.038,11994.1,13400.764,13589.834,16566.183,17542.408,18711.562,16750.687,17763.743,19931.232,20341.75,19194.429,19829.804,19782.132,18377.47,18516.297,20182.196,24459.387,28119.102,29291.432,31116.306,35830.47,38536.61,34255.711,33946.667,36557.999,34355.007,35708.592,36842.15,32280.087,32327.881,33553.894,35988.142,37253.006,38501.399,39630.904,40757.834
Latin America and the Caribbean,2457.257,2595.606,2089.929,1859.155,1890.528,2000.499,1951.731,2040.921,2259.898,2496.961,2715.948,2852.474,3066.097,3393.266,3795.195,4036.283,4258.443,4581.971,4542.906,4003.777,4314.406,4146.292,3639.148,3661.309,4171.591,5016.804,5823.297,6805.237,7822.781,7122.869,8804.403,10131.182,10048.348,10080.512,9912.687,8470.763,8066.774,8817.465,9209.655,9594.956,10010.415,10393.916,10815.843
Major advanced economies (G7),11219.274,11492.533,11375.102,11933.202,12493.644,13204.071,15871.538,18116.189,20238.426,20893.697,22919.869,24329.189,25913.882,26264.156,27908.354,30242.877,30011.443,29464.589,29677.295,31070.867,31651.568,31100.173,31907.526,35028.244,38249.4,39701.468,41142.586,43907.64,45675.315,43259.659,44669.16,47223.346,47219.381,46940.722,47855.304,45718.355,46738.403,47960.663,50175.526,51829.995,53377.585,54915.759,56465.033
Middle East and North Africa,2949.745,3002.816,2853.54,2813.115,2744.772,2743.718,2697.858,3148.326,3210.309,3578.81,4219.116,2876.34,1950.829,2005.287,2087.894,2273.297,2550.82,2683.171,2630.768,2965.452,3476.224,3262.96,2580.357,2700.275,3161.51,3792.844,4394.897,5091.951,6169.012,5382.731,6194.884,7659.694,7639.533,7643.128,7582.256,6532.236,6380.001,6477.237,6626.34,6918.977,7220.258,7564.658,7914.966
"Middle East, North Africa, Afghanistan, and Pakistan",2137.921,2194.403,2102.254,2062.798,2026.464,2025.074,1995.602,2309.159,2370.292,2627.969,3108.5,2183.72,1533.648,1576.059,1630.302,1780.766,1976.115,2058.898,2015.799,2244.255,2586.725,2430.182,1873.113,2007.071,2342.287,2790.67,3222.274,3699.586,4463.41,3924.392,4484.402,5416.139,5415.861,5430.391,5421.446,4759.58,4656.642,4733.436,4862.253,5079.388,5306.66,5567.395,5839.76
Other advanced economies,6824.143,6870.431,6734.038,6640.438,6889.215,6802.198,8210.986,10005.882,11671.015,12559.799,14299.96,15011.383,15840.222,15457.943,17181.836,18584.222,19621.267,18845.945,16876.899,17946.197,18360.174,17617.057,19030.07,21785.53,24736.865,27094.721,29107.148,32993.473,34541.189,31432.897,35894.799,40659.998,40615.996,41628.945,42001.547,38208.428,38561.358,40973.897,42896.326,44378.901,45761.654,47183.611,48602.638
Sub-Saharan Africa,no data,no data,no data,no data,no data,no data,no data,no data,no data,no data,805.201,790.335,755.334,737.404,700.274,839.179,915.926,929.153,911.26,631.618,622.551,579.015,607.136,738.593,890.759,1020.252,1151.388,1305.854,1469.903,1386.03,1597.979,1762.815,1804.543,1856.901,1889.671,1650.829,1499.559,1581.852,1697.074,1796.451,1876.195,1925.991,1979.955
World,2837.82,2850.845,2748.485,2774.051,2823.766,2905.457,3357.947,3796.746,4198.509,4346.679,4738.194,4837.484,4786.044,4839.536,5121.299,5615.84,5683.081,5584.274,5439.263,5554.668,5660.368,5549.08,5645.232,6236.897,6933.906,7419.779,7933.534,8836.796,9571.849,8958.104,9680.279,10644.618,10711.361,10880.779,11042.843,10320.244,10344.239,10750.967,11310.586,11773.923,12248.241,12726.447,13210.344
,,,,,,,,,,,,,,,,,,,,,,,,,,,,,,,,,,,,,,,,,,,
"©IMF, 2017",,,,,,,,,,,,,,,,,,,,,,,,,,,,,,,,,,,,,,,,,,,
